,kingdom,supergroup,division,class,order,family,genus,species,taxon
Apicomplexa_104,Eukaryota,Alveolata,Apicomplexa,Gregarinomorphea,Gregarines,Gregarines_X,Selenidium2,Selenidium2_orientale,Selenidium2_orientale
Apicomplexa_11,Eukaryota,Alveolata,Apicomplexa,Coccidiomorphea,Eimeriida,Sarcocystidae,Sarcocystis10,Sarcocystis10_neurona,Sarcocystis10_neurona
Apicomplexa_201,Eukaryota,Alveolata,Apicomplexa,Gregarinomorphea,Eugregarinorida,Gregarinidae,Leidyana1,Gregarina_blattarum,Gregarina_blattarum
Apicomplexa_221,Eukaryota,Alveolata,Apicomplexa,Colpodellidea,Colpodellida,Colpodellaceae,Voromonas,Voromonas_pontica,Voromonas_pontica
Apicomplexa_63,Eukaryota,Alveolata,Apicomplexa,,,,,,Apicomplexa
Apusomonadidae_12,Eukaryota,Apusozoa,Apusomonadidae,Apusomonadidae_Group-1,Apusomonadidae_Group-1_X,Apusomonadidae_Group-1_XX,Amastigomonas,Amastigomonas_sp.,Amastigomonas_sp.
Apusomonadidae_3,Eukaryota,Apusozoa,Apusomonadidae,Apusomonadidae_Group-1,Apusomonadidae_Group-1_X,Apusomonadidae_Group-1_XX,Apusomonas,Apusomonas_proboscidea,Apusomonas_proboscidea
Bacillariophyta_104,Eukaryota,Stramenopiles,Ochrophyta,Bacillariophyta,Bacillariophyta_X,Radial-centric-basal-Coscinodiscophyceae,Melosira,Melosira_varians,Melosira_varians
Bacillariophyta_108,Eukaryota,Stramenopiles,Ochrophyta,Bacillariophyta,Bacillariophyta_X,Radial-centric-basal-Coscinodiscophyceae,Coscinodiscus,Coscinodiscus_wailesii,Coscinodiscus_wailesii
Bacillariophyta_109,Eukaryota,Stramenopiles,Ochrophyta,Bacillariophyta,Bacillariophyta_X,Radial-centric-basal-Coscinodiscophyceae,Stellarima,Stellarima_microtrias,Stellarima_microtrias
Bacillariophyta_11,Eukaryota,Stramenopiles,Ochrophyta,Bacillariophyta,Bacillariophyta_X,Polar-centric-Mediophyceae,Attheya,Attheya_longicornis,Attheya_longicornis
Bacillariophyta_113,Eukaryota,Stramenopiles,Ochrophyta,Bacillariophyta,Bacillariophyta_X,Radial-centric-basal-Coscinodiscophyceae,Corethron,Corethron_inerme,Corethron_inerme
Bacillariophyta_115,Eukaryota,Stramenopiles,Ochrophyta,Bacillariophyta,Bacillariophyta_X,Radial-centric-basal-Coscinodiscophyceae,Corethron,,Corethron
Bacillariophyta_116,Eukaryota,Stramenopiles,Ochrophyta,Bacillariophyta,Bacillariophyta_X,Radial-centric-basal-Coscinodiscophyceae,Rhizosolenia,Rhizosolenia_shrubsolei,Rhizosolenia_shrubsolei
Bacillariophyta_117,Eukaryota,Stramenopiles,Ochrophyta,Bacillariophyta,Bacillariophyta_X,Radial-centric-basal-Coscinodiscophyceae,Rhizosolenia,Rhizosolenia_fallax,Rhizosolenia_fallax
Bacillariophyta_121,Eukaryota,Stramenopiles,Ochrophyta,Bacillariophyta,Bacillariophyta_X,Radial-centric-basal-Coscinodiscophyceae,Rhizosolenia,Rhizosolenia_pungens,Rhizosolenia_pungens
Bacillariophyta_128,Eukaryota,Stramenopiles,Ochrophyta,Bacillariophyta,Bacillariophyta_X,Radial-centric-basal-Coscinodiscophyceae,Proboscia,Proboscia_alata,Proboscia_alata
Bacillariophyta_130,Eukaryota,Stramenopiles,Ochrophyta,Bacillariophyta,Bacillariophyta_X,Polar-centric-Mediophyceae,Eucampia,Eucampia_antarctica,Eucampia_antarctica
Bacillariophyta_135,Eukaryota,Stramenopiles,Ochrophyta,Bacillariophyta,Bacillariophyta_X,Polar-centric-Mediophyceae,Chaetoceros,Chaetoceros_neogracilis,Chaetoceros_neogracilis
Bacillariophyta_150,Eukaryota,Stramenopiles,Ochrophyta,Bacillariophyta,Bacillariophyta_X,Polar-centric-Mediophyceae,Chaetoceros,Chaetoceros_debilis,Chaetoceros_debilis
Bacillariophyta_151,Eukaryota,Stramenopiles,Ochrophyta,Bacillariophyta,Bacillariophyta_X,Polar-centric-Mediophyceae,Chaetoceros,,Chaetoceros
Bacillariophyta_152,Eukaryota,Stramenopiles,Ochrophyta,Bacillariophyta,Bacillariophyta_X,Polar-centric-Mediophyceae,Chaetoceros,Chaetoceros_peruvianus,Chaetoceros_peruvianus
Bacillariophyta_156,Eukaryota,Stramenopiles,Ochrophyta,Bacillariophyta,Bacillariophyta_X,Polar-centric-Mediophyceae,Toxarium,Toxarium_undulatum,Toxarium_undulatum
Bacillariophyta_17,Eukaryota,Stramenopiles,Ochrophyta,Bacillariophyta,Bacillariophyta_X,Polar-centric-Mediophyceae,Porosira,Porosira_pseudodelicatula,Porosira_pseudodelicatula
Bacillariophyta_173,Eukaryota,Stramenopiles,Ochrophyta,Bacillariophyta,Bacillariophyta_X,Araphid-pennate,Asterionellopsis,Asterionellopsis_glacialis,Asterionellopsis_glacialis
Bacillariophyta_18,Eukaryota,Stramenopiles,Ochrophyta,Bacillariophyta,Bacillariophyta_X,Polar-centric-Mediophyceae,Thalassiosira,Thalassiosira_nordenskioeldii,Thalassiosira_nordenskioeldii
Bacillariophyta_181,Eukaryota,Stramenopiles,Ochrophyta,Bacillariophyta,Bacillariophyta_X,Raphid-pennate,Achnanthes,Achnanthes_brevipes,Achnanthes_brevipes
Bacillariophyta_187,Eukaryota,Stramenopiles,Ochrophyta,Bacillariophyta,Bacillariophyta_X,Raphid-pennate,Raphid-pennate_X,Raphid-pennate_X_sp.,Raphid-pennate_X_sp.
Bacillariophyta_190,Eukaryota,Stramenopiles,Ochrophyta,Bacillariophyta,Bacillariophyta_X,Raphid-pennate,Navicula,Navicula_gregaria,Navicula_gregaria
Bacillariophyta_192,Eukaryota,Stramenopiles,Ochrophyta,Bacillariophyta,Bacillariophyta_X,Raphid-pennate,Navicula,Navicula_reinhardtii,Navicula_reinhardtii
Bacillariophyta_193,Eukaryota,Stramenopiles,Ochrophyta,Bacillariophyta,Bacillariophyta_X,Raphid-pennate,Navicula,,Navicula
Bacillariophyta_195,Eukaryota,Stramenopiles,Ochrophyta,Bacillariophyta,Bacillariophyta_X,Raphid-pennate,,,Raphid-pennate
Bacillariophyta_196,Eukaryota,Stramenopiles,Ochrophyta,Bacillariophyta,Bacillariophyta_X,Raphid-pennate,Bacillaria,Bacillaria_paxillifer,Bacillaria_paxillifer
Bacillariophyta_199,Eukaryota,Stramenopiles,Ochrophyta,Bacillariophyta,Bacillariophyta_X,Raphid-pennate,Raphid-pennate_X,Raphid-pennate_X_sp.,Raphid-pennate_X_sp.
Bacillariophyta_202,Eukaryota,Stramenopiles,Ochrophyta,Bacillariophyta,Bacillariophyta_X,Raphid-pennate,Cylindrotheca,Cylindrotheca_closterium,Cylindrotheca_closterium
Bacillariophyta_211,Eukaryota,Stramenopiles,Ochrophyta,Bacillariophyta,Bacillariophyta_X,Raphid-pennate,Nitzschia,Nitzschia_sp.,Nitzschia_sp.
Bacillariophyta_218,Eukaryota,Stramenopiles,Ochrophyta,Bacillariophyta,Bacillariophyta_X,Raphid-pennate,Pseudo-nitzschia,,Pseudo-nitzschia
Bacillariophyta_219,Eukaryota,Stramenopiles,Ochrophyta,Bacillariophyta,Bacillariophyta_X,Raphid-pennate,Fragilariopsis,Fragilariopsis_sublineata,Fragilariopsis_sublineata
Bacillariophyta_223,Eukaryota,Stramenopiles,Ochrophyta,Bacillariophyta,Bacillariophyta_X,Raphid-pennate,Eolimna,Eolimna_minima,Eolimna_minima
Bacillariophyta_229,Eukaryota,Stramenopiles,Ochrophyta,Bacillariophyta,Bacillariophyta_X,Raphid-pennate,Achnanthidium,Achnanthidium_minutissimum,Achnanthidium_minutissimum
Bacillariophyta_232,Eukaryota,Stramenopiles,Ochrophyta,Bacillariophyta,Bacillariophyta_X,Raphid-pennate,,,Raphid-pennate
Bacillariophyta_253,Eukaryota,Stramenopiles,Ochrophyta,Bacillariophyta,Bacillariophyta_X,Raphid-pennate,Eolimna,Eolimna_subminuscula,Eolimna_subminuscula
Bacillariophyta_272,Eukaryota,Stramenopiles,Ochrophyta,Bacillariophyta,Bacillariophyta_X,Raphid-pennate,Amphiprora,Amphiprora_paludosa,Amphiprora_paludosa
Bacillariophyta_276,Eukaryota,Stramenopiles,Ochrophyta,Bacillariophyta,Bacillariophyta_X,Raphid-pennate,,,Raphid-pennate
Bacillariophyta_28,Eukaryota,Stramenopiles,Ochrophyta,Bacillariophyta,Bacillariophyta_X,Polar-centric-Mediophyceae,Thalassiosira,Thalassiosira_hendeyi,Thalassiosira_hendeyi
Bacillariophyta_285,Eukaryota,Stramenopiles,Ochrophyta,Bacillariophyta,Bacillariophyta_X,Raphid-pennate,,,Raphid-pennate
Bacillariophyta_29,Eukaryota,Stramenopiles,Ochrophyta,Bacillariophyta,Bacillariophyta_X,Polar-centric-Mediophyceae,Thalassiosira,Thalassiosira_tumida,Thalassiosira_tumida
Bacillariophyta_309,Eukaryota,Stramenopiles,Ochrophyta,Bacillariophyta,Bacillariophyta_X,Araphid-pennate,Synedra,Synedra_minuscula,Synedra_minuscula
Bacillariophyta_378,Eukaryota,Stramenopiles,Ochrophyta,Bacillariophyta,Bacillariophyta_X,Araphid-pennate,,,Araphid-pennate
Bacillariophyta_46,Eukaryota,Stramenopiles,Ochrophyta,Bacillariophyta,Bacillariophyta_X,Polar-centric-Mediophyceae,Skeletonema,Skeletonema_menzellii,Skeletonema_menzellii
Bacillariophyta_67,Eukaryota,Stramenopiles,Ochrophyta,Bacillariophyta,Bacillariophyta_X,Polar-centric-Mediophyceae,Planktoniella,Planktoniella_sol,Planktoniella_sol
Bacillariophyta_70,Eukaryota,Stramenopiles,Ochrophyta,Bacillariophyta,Bacillariophyta_X,Polar-centric-Mediophyceae,,,Polar-centric-Mediophyceae
Bacillariophyta_99,Eukaryota,Stramenopiles,Ochrophyta,Bacillariophyta,Bacillariophyta_X,Radial-centric-basal-Coscinodiscophyceae,Leptocylindrus,Leptocylindrus_minimus,Leptocylindrus_minimus
Bolidophyceae_12,Eukaryota,Stramenopiles,Ochrophyta,Bolidophyceae,Parmales,Triparmaceae,Triparma,Triparma_mediterranea,Triparma_mediterranea
Bolidophyceae_9,Eukaryota,Stramenopiles,Ochrophyta,Bolidophyceae,Parmales,,,,Parmales
Cercozoa_0,Eukaryota,Rhizaria,Cercozoa,Filosa-Imbricatea,Thaumatomonadida,Thaumatomonadidae,Thaumatomonas,Thaumatomonas_coloniensis,Thaumatomonas_coloniensis
Cercozoa_116,Eukaryota,Rhizaria,Cercozoa,Filosa-Sarcomonadea,Cercomonadida,Paracercomonadidae,Paracercomonas,Paracercomonas_sp.,Paracercomonas_sp.
Cercozoa_119,Eukaryota,Rhizaria,Cercozoa,Filosa-Sarcomonadea,Cercomonadida,Paracercomonadidae,Paracercomonas,Paracercomonas_sp.,Paracercomonas_sp.
Cercozoa_12,Eukaryota,Rhizaria,Cercozoa,Filosa-Imbricatea,Filosa-Imbricatea_X,Novel-clade-2,Novel-clade-2_X,Novel-clade-2_X_sp.,Novel-clade-2_X_sp.
Cercozoa_120,Eukaryota,Rhizaria,Cercozoa,Filosa-Sarcomonadea,Cercomonadida,Paracercomonadidae,Paracercomonas,,Paracercomonas
Cercozoa_121,Eukaryota,Rhizaria,Cercozoa,Filosa-Sarcomonadea,Cercomonadida,Cercomonadidae,Cavernomonas,Cavernomonas_stercoris,Cavernomonas_stercoris
Cercozoa_122,Eukaryota,Rhizaria,Cercozoa,Filosa-Sarcomonadea,Cercomonadida,Cercomonadidae,Eocercomonas,Eocercomonas_sp.,Eocercomonas_sp.
Cercozoa_134,Eukaryota,Rhizaria,Cercozoa,Filosa-Sarcomonadea,Cercomonadida,Cercomonadidae,Cercomonas,Cercomonas_sp.,Cercomonas_sp.
Cercozoa_142,Eukaryota,Rhizaria,Cercozoa,Filosa-Sarcomonadea,Cercomonadida,Cercomonadidae,Cercomonas,Cercomonas_sp.,Cercomonas_sp.
Cercozoa_149,Eukaryota,Rhizaria,Cercozoa,Filosa-Sarcomonadea,Cercomonadida,Cercomonadidae,Cercomonas,Cercomonas_sp.,Cercomonas_sp.
Cercozoa_18,Eukaryota,Rhizaria,Cercozoa,Filosa-Imbricatea,Filosa-Imbricatea_X,Novel-clade-2,Novel-clade-2_X,Novel-clade-2_X_sp.,Novel-clade-2_X_sp.
Cercozoa_192,Eukaryota,Rhizaria,Cercozoa,Endomyxa-Phytomyxea,Phagomyxida,Phagomyxidae,Phagomyxa,Phagomyxa_sp.,Phagomyxa_sp.
Cercozoa_22,Eukaryota,Rhizaria,Cercozoa,Filosa-Imbricatea,Filosa-Imbricatea_X,Novel-clade-2,Novel-clade-2_X,Novel-clade-2_X_sp.,Novel-clade-2_X_sp.
Cercozoa_23,Eukaryota,Rhizaria,Cercozoa,Filosa-Imbricatea,Spongomonadida,Spongomonadidae,Spongomonas,Spongomonas_minima,Spongomonas_minima
Cercozoa_241,Eukaryota,Rhizaria,Cercozoa,,,,,,Cercozoa
Cercozoa_243,Eukaryota,Rhizaria,Cercozoa,Filosa-Granofilosea,Cryptofilida,Nanofilidae,Nanofila,Nanofila_sp.,Nanofila_sp.
Cercozoa_265,Eukaryota,Rhizaria,Cercozoa,Chlorarachniophyceae,Chlorarachnida,Chlorarachnida_X,,,Chlorarachnida_X
Cercozoa_266,Eukaryota,Rhizaria,Cercozoa,Chlorarachniophyceae,,,,,Chlorarachniophyceae
Cercozoa_268,Eukaryota,Rhizaria,Cercozoa,,,,,,Cercozoa
Cercozoa_270,Eukaryota,Rhizaria,Cercozoa,Filosa-Granofilosea,Limnofilida,Limnofilidae,Limnofilidae_X,Limnofilidae_X_sp.,Limnofilidae_X_sp.
Cercozoa_291,Eukaryota,Rhizaria,Cercozoa,Filosa-Granofilosea,Filosa-Granofilosea_X,Massiteriidae,Massisteria,Massisteria_marina,Massisteria_marina
Cercozoa_302,Eukaryota,Rhizaria,Cercozoa,Filosa-Granofilosea,Filosa-Granofilosea_X,,,,Filosa-Granofilosea_X
Cercozoa_307,Eukaryota,Rhizaria,Cercozoa,Filosa-Thecofilosea,Filosa-Thecofilosea_X,Mataza-lineage,Mataza-lineage_X,Mataza-lineage_X_sp.,Mataza-lineage_X_sp.
Cercozoa_308,Eukaryota,Rhizaria,Cercozoa,Filosa-Thecofilosea,Filosa-Thecofilosea_X,Mataza-lineage,Mataza-lineage_X,Mataza-lineage_X_sp.,Mataza-lineage_X_sp.
Cercozoa_311,Eukaryota,Rhizaria,Cercozoa,Filosa-Thecofilosea,Filosa-Thecofilosea_X,Mataza-lineage,Mataza-lineage_X,Mataza-lineage_X_sp.,Mataza-lineage_X_sp.
Cercozoa_315,Eukaryota,Rhizaria,Cercozoa,Filosa-Thecofilosea,Filosa-Thecofilosea_X,Mataza-lineage,Mataza-lineage_X,Mataza-lineage_X_sp.,Mataza-lineage_X_sp.
Cercozoa_319,Eukaryota,Rhizaria,Cercozoa,Filosa-Thecofilosea,Cryomonadida,Protaspa-lineage,Protaspa,Protaspa_sp.,Protaspa_sp.
Cercozoa_320,Eukaryota,Rhizaria,Cercozoa,Filosa-Thecofilosea,Cryomonadida,Protaspa-lineage,Protaspa-lineage_X,Protaspa-lineage_X_sp.,Protaspa-lineage_X_sp.
Cercozoa_322,Eukaryota,Rhizaria,Cercozoa,Filosa-Thecofilosea,Cryomonadida,Protaspa-lineage,,,Protaspa-lineage
Cercozoa_323,Eukaryota,Rhizaria,Cercozoa,Filosa-Thecofilosea,Cryomonadida,Protaspa-lineage,Protaspa-lineage_X,Protaspa-lineage_X_sp.,Protaspa-lineage_X_sp.
Cercozoa_324,Eukaryota,Rhizaria,Cercozoa,Filosa-Thecofilosea,Cryomonadida,Protaspa-lineage,Protaspa-lineage_X,Protaspa-lineage_X_sp.,Protaspa-lineage_X_sp.
Cercozoa_325,Eukaryota,Rhizaria,Cercozoa,Filosa-Thecofilosea,Cryomonadida,Protaspa-lineage,Protaspa-lineage_X,Protaspa-lineage_X_sp.,Protaspa-lineage_X_sp.
Cercozoa_326,Eukaryota,Rhizaria,Cercozoa,Filosa-Thecofilosea,Cryomonadida,Protaspa-lineage,Protaspa-lineage_X,Protaspa-lineage_X_sp.,Protaspa-lineage_X_sp.
Cercozoa_327,Eukaryota,Rhizaria,Cercozoa,Filosa-Thecofilosea,Cryomonadida,Cryothecomonas-lineage,Cryothecomonas,Cryothecomonas_aestivalis,Cryothecomonas_aestivalis
Cercozoa_329,Eukaryota,Rhizaria,Cercozoa,Filosa-Thecofilosea,Cryomonadida,Cryothecomonas-lineage,Cryothecomonas,Cryothecomonas_aestivalis,Cryothecomonas_aestivalis
Cercozoa_332,Eukaryota,Rhizaria,Cercozoa,Filosa-Thecofilosea,Cryomonadida,Cryothecomonas-lineage,Cryothecomonas,Cryothecomonas_sp.,Cryothecomonas_sp.
Cercozoa_333,Eukaryota,Rhizaria,Cercozoa,Filosa-Thecofilosea,Cryomonadida,Cryothecomonas-lineage,Cryothecomonas,Cryothecomonas_sp.,Cryothecomonas_sp.
Cercozoa_335,Eukaryota,Rhizaria,Cercozoa,Filosa-Thecofilosea,Cryomonadida,Cryothecomonas-lineage,Cryothecomonas,,Cryothecomonas
Cercozoa_339,Eukaryota,Rhizaria,Cercozoa,Filosa-Thecofilosea,Cryomonadida,,,,Cryomonadida
Cercozoa_344,Eukaryota,Rhizaria,Cercozoa,Filosa-Thecofilosea,Cryomonadida,Cryomonadida_X,Cryomonadida_XX,Cryomonadida_XX_sp.,Cryomonadida_XX_sp.
Cercozoa_346,Eukaryota,Rhizaria,Cercozoa,Filosa-Thecofilosea,Cryomonadida,Cryomonadida_X,Cryomonadida_XX,Cryomonadida_XX_sp.,Cryomonadida_XX_sp.
Cercozoa_347,Eukaryota,Rhizaria,Cercozoa,Filosa-Thecofilosea,Cryomonadida,Rhogostoma-lineage,Capsellina,Capsellina_sp.,Capsellina_sp.
Cercozoa_358,Eukaryota,Rhizaria,Cercozoa,Filosa-Thecofilosea,Cryomonadida,Rhogostoma-lineage,Rhogostoma-lineage_X,Rhogostoma-lineage_X_sp.,Rhogostoma-lineage_X_sp.
Cercozoa_363,Eukaryota,Rhizaria,Cercozoa,Filosa-Thecofilosea,Cryomonadida,Rhogostoma-lineage,,,Rhogostoma-lineage
Cercozoa_368,Eukaryota,Rhizaria,Cercozoa,Filosa-Thecofilosea,Ebriida,Ebriidae,Ebria,Ebria_tripartita,Ebria_tripartita
Cercozoa_370,Eukaryota,Rhizaria,Cercozoa,Filosa-Thecofilosea,Ebriida,Ebriidae,Ebria,Ebria_tripartita,Ebria_tripartita
Cercozoa_371,Eukaryota,Rhizaria,Cercozoa,Filosa-Thecofilosea,Ebriida,TAGIRI1-lineage,TAGIRI1-lineage_X,TAGIRI1-lineage_X_sp.,TAGIRI1-lineage_X_sp.
Cercozoa_372,Eukaryota,Rhizaria,Cercozoa,Filosa-Thecofilosea,Ebriida,,,,Ebriida
Cercozoa_382,Eukaryota,Rhizaria,Cercozoa,Phaeodarea,,,,,Phaeodarea
Cercozoa_384,Eukaryota,Rhizaria,Cercozoa,Phaeodarea,,,,,Phaeodarea
Cercozoa_386,Eukaryota,Rhizaria,Cercozoa,,,,,,Cercozoa
Cercozoa_387,Eukaryota,Rhizaria,Cercozoa,Filosa-Thecofilosea,Cryomonadida,Cryomonadida_X,Cryomonadida_XX,Cryomonadida_XX_sp.,Cryomonadida_XX_sp.
Cercozoa_390,Eukaryota,Rhizaria,Cercozoa,Filosa-Sarcomonadea,Glissomonadida,Allapsidae,Allapsa,Allapsa_vibrans,Allapsa_vibrans
Cercozoa_410,Eukaryota,Rhizaria,Cercozoa,Filosa-Sarcomonadea,Glissomonadida,,,,Glissomonadida
Cercozoa_420,Eukaryota,Rhizaria,Cercozoa,Filosa-Imbricatea,Thaumatomonadida,Thaumatomonadidae,Reckertia,Reckertia_filosa,Reckertia_filosa
Cercozoa_47,Eukaryota,Rhizaria,Cercozoa,Filosa-Imbricatea,Euglyphida,Trinematidae,Trinematidae_X,Trinematidae_X_sp.,Trinematidae_X_sp.
Cercozoa_65,Eukaryota,Rhizaria,Cercozoa,Filosa-Imbricatea,Euglyphida,,,,Euglyphida
Cercozoa_67,Eukaryota,Rhizaria,Cercozoa,Filosa-Imbricatea,Euglyphida,Euglyphida_X,Euglyphida_XX,Euglyphida_XX_sp.,Euglyphida_XX_sp.
Cercozoa_72,Eukaryota,Rhizaria,Cercozoa,Filosa-Imbricatea,Marimonadida,Marimonadida_X,Pseudopirsonia,Pseudopirsonia_mucosa,Pseudopirsonia_mucosa
Cercozoa_73,Eukaryota,Rhizaria,Cercozoa,Filosa-Imbricatea,Marimonadida,Marimonadida_X,Pseudopirsonia,,Pseudopirsonia
Cercozoa_74,Eukaryota,Rhizaria,Cercozoa,Filosa-Imbricatea,Marimonadida,Marimonadida_X,Marimonadida_XX,Marimonadida_XX_sp.,Marimonadida_XX_sp.
Cercozoa_75,Eukaryota,Rhizaria,Cercozoa,Filosa-Imbricatea,Marimonadida,Marimonadida_X,Marimonadida_XX,Marimonadida_XX_sp.,Marimonadida_XX_sp.
Cercozoa_76,Eukaryota,Rhizaria,Cercozoa,Filosa-Imbricatea,Marimonadida,Marimonadida_X,Marimonadida_XX,Marimonadida_XX_sp.,Marimonadida_XX_sp.
Cercozoa_78,Eukaryota,Rhizaria,Cercozoa,Filosa-Imbricatea,Marimonadida,Marimonadida_X,Marimonadida_XX,Marimonadida_XX_sp.,Marimonadida_XX_sp.
Cercozoa_79,Eukaryota,Rhizaria,Cercozoa,Filosa-Imbricatea,Marimonadida,Marimonadida_X,,,Marimonadida_X
Cercozoa_8,Eukaryota,Rhizaria,Cercozoa,Filosa-Imbricatea,Thaumatomonadida,Peregriniidae,Peregrinia,Peregrinia_sp.,Peregrinia_sp.
Cercozoa_80,Eukaryota,Rhizaria,Cercozoa,Filosa-Imbricatea,Marimonadida,Marimonadida_X,Marimonadida_XX,Marimonadida_XX_sp.,Marimonadida_XX_sp.
Cercozoa_82,Eukaryota,Rhizaria,Cercozoa,Filosa-Imbricatea,Marimonadida,Marimonadida_X,Marimonadida_XX,Marimonadida_XX_sp.,Marimonadida_XX_sp.
Cercozoa_83,Eukaryota,Rhizaria,Cercozoa,Filosa-Imbricatea,Marimonadida,Marimonadida_X,,,Marimonadida_X
Cercozoa_85,Eukaryota,Rhizaria,Cercozoa,Filosa-Thecofilosea,Ventricleftida,Ventrifissuridae,Ventrifissuridae_X,Ventrifissuridae_X_sp.,Ventrifissuridae_X_sp.
Cercozoa_86,Eukaryota,Rhizaria,Cercozoa,Filosa-Thecofilosea,Ventricleftida,CCW10-lineage,CCW10-lineage_X,CCW10-lineage_X_sp.,CCW10-lineage_X_sp.
Cercozoa_9,Eukaryota,Rhizaria,Cercozoa,Filosa-Imbricatea,Thaumatomonadida,Peregriniidae,Peregrinia,,Peregrinia
Chlorophyta__Streptophyta_104,Eukaryota,Archaeplastida,Chlorophyta,Nephroselmidophyceae,Nephroselmidales,Nephroselmidales_X,Nephroselmis,Nephroselmis_pyriformis,Nephroselmis_pyriformis
Chlorophyta__Streptophyta_111,Eukaryota,Archaeplastida,Chlorophyta,Pyramimonadales,Pyramimonadales_X,Pyramimonadales_XX,Pyramimonas,Pyramimonas_propulsa,Pyramimonas_propulsa
Chlorophyta__Streptophyta_113,Eukaryota,Archaeplastida,Chlorophyta,Pyramimonadales,Pyramimonadales_X,Pyramimonadales_XX,Pyramimonas,Pyramimonas_olivacea,Pyramimonas_olivacea
Chlorophyta__Streptophyta_115,Eukaryota,Archaeplastida,Chlorophyta,Pyramimonadales,Pyramimonadales_X,Pyramimonadales_XX,Pyramimonas,,Pyramimonas
Chlorophyta__Streptophyta_116,Eukaryota,Archaeplastida,Chlorophyta,Pyramimonadales,Pyramimonadales_X,Pyramimonadales_XX,,,Pyramimonadales_XX
Chlorophyta__Streptophyta_118,Eukaryota,Archaeplastida,Chlorophyta,Pyramimonadales,Pyramimonadales_X,Pyramimonadales_XX,Pyramimonas,Pyramimonas_australis,Pyramimonas_australis
Chlorophyta__Streptophyta_120,Eukaryota,Archaeplastida,Chlorophyta,Pyramimonadales,Pyramimonadales_X,Pyramimonadales_XX,Pyramimonas,Pyramimonas_disomata,Pyramimonas_disomata
Chlorophyta__Streptophyta_121,Eukaryota,Archaeplastida,Chlorophyta,Pyramimonadales,Pyramimonadales_X,Pyramimonadales_XX,Pyramimonas,Pyramimonas_sp.,Pyramimonas_sp.
Chlorophyta__Streptophyta_1304,Eukaryota,Archaeplastida,Chlorophyta,Chlorophyceae,Chlamydomonadales,Chlamydomonadales_X,Chlamydomonadales_XX,Chlamydomonadales_XX_sp.,Chlamydomonadales_XX_sp.
Chlorophyta__Streptophyta_1392,Eukaryota,Archaeplastida,Chlorophyta,Chlorophyceae,Chlamydomonadales,Chlamydomonadales_X,Chlamydomonas,Chlamydomonas_sp.,Chlamydomonas_sp.
Chlorophyta__Streptophyta_1398,Eukaryota,Archaeplastida,Chlorophyta,Chlorophyceae,Chlamydomonadales,Chlamydomonadales_X,Chlamydomonadales_XX,Chlamydomonadales_XX_sp.,Chlamydomonadales_XX_sp.
Chlorophyta__Streptophyta_1402,Eukaryota,Archaeplastida,Chlorophyta,Chlorophyceae,Chlamydomonadales,Chlamydomonadales_X,Chlamydomonadales_XX,Chlamydomonadales_XX_sp.,Chlamydomonadales_XX_sp.
Chlorophyta__Streptophyta_1428,Eukaryota,Archaeplastida,Chlorophyta,Ulvophyceae,Oltmansiellopsidales,Oltmansiellopsidales_X,Oltmannsiellopsis,Oltmannsiellopsis_geminata,Oltmannsiellopsis_geminata
Chlorophyta__Streptophyta_727,Eukaryota,Archaeplastida,Chlorophyta,Mamiellophyceae,Dolichomastigales,Dolichomastigaceae,Dolichomastigaceae-B,Dolichomastigaceae-B_sp.,Dolichomastigaceae-B_sp.
Chlorophyta__Streptophyta_742,Eukaryota,Archaeplastida,Chlorophyta,Mamiellophyceae,Mamiellales,Mamiellaceae,Micromonas,Micromonas_polaris,Micromonas_polaris
Chlorophyta__Streptophyta_842,Eukaryota,Archaeplastida,Chlorophyta,Mamiellophyceae,Mamiellales,Bathycoccaceae,Bathycoccus,Bathycoccus_prasinos,Bathycoccus_prasinos
Chlorophyta__Streptophyta_893,Eukaryota,Archaeplastida,Chlorophyta,Chlorodendrophyceae,Chlorodendrales,Chlorodendraceae,Chlorodendrales_XX,Chlorodendrales_XX_sp.,Chlorodendrales_XX_sp.
Chrysophyceae_131,Eukaryota,Stramenopiles,Ochrophyta,Chrysophyceae,Chrysophyceae_X,Chrysophyceae_Clade_C,Ochromonas,Ochromonas_sp.,Ochromonas_sp.
Chrysophyceae_16,Eukaryota,Stramenopiles,Ochrophyta,Chrysophyceae,Chrysophyceae_X,Chrysophyceae_Clade-F,Paraphysomonas,Paraphysomonas_sp.,Paraphysomonas_sp.
Ciliophora_1008,Eukaryota,Alveolata,Ciliophora,Oligohymenophorea,Scuticociliatia_1,Philasterida,Parauronema,Parauronema_longum,Parauronema_longum
Ciliophora_112,Eukaryota,Alveolata,Ciliophora,Spirotrichea,Euplotia,Discocephalidae,Discocephalus,Discocephalus_ehrenbergi,Discocephalus_ehrenbergi
Ciliophora_1151,Eukaryota,Alveolata,Ciliophora,Oligohymenophorea,Scuticociliatia_2,Histiobalantiidae,Histiobalantium,Histiobalantium_minor,Histiobalantium_minor
Ciliophora_1353,Eukaryota,Alveolata,Ciliophora,Phyllopharyngea,Synhymenia,Orthodonellidae,Orthodonellidae_X,Orthodonellidae_X_sp.,Orthodonellidae_X_sp.
Ciliophora_1355,Eukaryota,Alveolata,Ciliophora,Phyllopharyngea,Synhymenia,Orthodonellidae,Orthodonellidae_X,Orthodonellidae_X_sp.,Orthodonellidae_X_sp.
Ciliophora_1517,Eukaryota,Alveolata,Ciliophora,Spirotrichea,Euplotia,Euplotidae,Euplotes,Euplotes_vannus,Euplotes_vannus
Ciliophora_1552,Eukaryota,Alveolata,Ciliophora,Spirotrichea,Euplotia,Euplotidae,Euplotes,Euplotes_sp.,Euplotes_sp.
Ciliophora_1567,Eukaryota,Alveolata,Ciliophora,Spirotrichea,Euplotia,Euplotidae,Euplotes,Euplotes_sinicus,Euplotes_sinicus
Ciliophora_1587,Eukaryota,Alveolata,Ciliophora,Spirotrichea,Euplotia,Uronychiidae,Diophrys,,Diophrys
Ciliophora_1595,Eukaryota,Alveolata,Ciliophora,Spirotrichea,Euplotia,Uronychiidae,Uronychia,Uronychia_binucleata,Uronychia_binucleata
Ciliophora_176,Eukaryota,Alveolata,Ciliophora,Spirotrichea,Hypotrichia,Oxytrichidae,Kahliella,Kahliella_sp.,Kahliella_sp.
Ciliophora_228,Eukaryota,Alveolata,Ciliophora,Spirotrichea,Choreotrichida,Leegaardiellidae_B,Leegaardiella,Leegaardiella_sp.,Leegaardiella_sp.
Ciliophora_240,Eukaryota,Alveolata,Ciliophora,Spirotrichea,Choreotrichida,Leegaardiellidae_B,Leegaardiella,Leegaardiella_sp.,Leegaardiella_sp.
Ciliophora_269,Eukaryota,Alveolata,Ciliophora,Spirotrichea,Tintinnida,TIN_05,Tintinnopsis_05,Tintinnopsis_cylindrica,Tintinnopsis_cylindrica
Ciliophora_310,Eukaryota,Alveolata,Ciliophora,Spirotrichea,Choreotrichida,Strobilidiidae_A,Rimostrombidium_A,Rimostrombidium_veniliae,Rimostrombidium_veniliae
Ciliophora_334,Eukaryota,Alveolata,Ciliophora,Spirotrichea,Choreotrichida,,,,Choreotrichida
Ciliophora_365,Eukaryota,Alveolata,Ciliophora,Spirotrichea,,,,,Spirotrichea
Ciliophora_420,Eukaryota,Alveolata,Ciliophora,Spirotrichea,Strombidiida,Strombidiidae_M,Strombidiidae_M_X,Strombidiidae_M_X_sp.,Strombidiidae_M_X_sp.
Ciliophora_537,Eukaryota,Alveolata,Ciliophora,Spirotrichea,Strombidiida,Strombidiidae_F,Strombidium_F,Strombidium_chlorophilum,Strombidium_chlorophilum
Ciliophora_557,Eukaryota,Alveolata,Ciliophora,Spirotrichea,Strombidiida_B,Strombidiida_B_X,Strombidiida_B_XX,Strombidiida_B_XX_sp.,Strombidiida_B_XX_sp.
Ciliophora_573,Eukaryota,Alveolata,Ciliophora,Spirotrichea,Strombidiida_F,Strombidiida_F_X,Strombidiida_F_XX,Strombidiida_F_XX_sp.,Strombidiida_F_XX_sp.
Ciliophora_637,Eukaryota,Alveolata,Ciliophora,Heterotrichea,Heterotrichea_X,Peritromidae,Peritromus,Peritromus_faurei,Peritromus_faurei
Ciliophora_645,Eukaryota,Alveolata,Ciliophora,Ciliophora_X,Ciliophora_XX,Protocruziidae,Protocruzia,,Protocruzia
Ciliophora_652,Eukaryota,Alveolata,Ciliophora,Ciliophora_X,Ciliophora_XX,Protocruziidae,Protocruzia,Protocruzia_sp.,Protocruzia_sp.
Ciliophora_675,Eukaryota,Alveolata,Ciliophora,CONThreeP,CONThreeP_X,CONThreeP_XX,Askenasia,Askenasia_sp.,Askenasia_sp.
Ciliophora_690,Eukaryota,Alveolata,Ciliophora,Prostomatea_2,Prostomatea_2_X,Placidae,Placidae_X,Placidae_X_sp.,Placidae_X_sp.
Ciliophora_75,Eukaryota,Alveolata,Ciliophora,Spirotrichea,Hypotrichia,Holostichidae,Holosticha,Holosticha_bradburyae,Holosticha_bradburyae
Ciliophora_84,Eukaryota,Alveolata,Ciliophora,Spirotrichea,Hypotrichia,Hypotrichia_X,Psammomitra,Psammomitra_retractilis,Psammomitra_retractilis
Ciliophora_96,Eukaryota,Alveolata,Ciliophora,Spirotrichea,Hypotrichia,Urostylidae,Tunicothrix,Tunicothrix_sp.,Tunicothrix_sp.
Ciliophora_970,Eukaryota,Alveolata,Ciliophora,Oligohymenophorea,OLIGO7,OLIGO7_X,OLIGO7_XX,OLIGO7_XX_sp.,OLIGO7_XX_sp.
Cryptophyta_114,Eukaryota,Hacrobia,Cryptophyta,Cryptophyceae,,,,,Cryptophyceae
Cryptophyta_15,Eukaryota,Hacrobia,Cryptophyta,Cryptophyceae,Cryptomonadales,Cryptomonadales_X,Komma,Komma_caudata,Komma_caudata
Cryptophyta_2,Eukaryota,Hacrobia,Cryptophyta,Cryptophyceae,Cryptomonadales,Cryptomonadales_X,Chroomonas,Chroomonas_mesostigmatica,Chroomonas_mesostigmatica
Cryptophyta_21,Eukaryota,Hacrobia,Cryptophyta,Cryptophyceae,Cryptomonadales,Cryptomonadales_X,Falcomonas,Falcomonas_daucoides,Falcomonas_daucoides
Cryptophyta_3,Eukaryota,Hacrobia,Cryptophyta,Cryptophyceae,Cryptomonadales,Cryptomonadales_X,Chroomonas,Chroomonas_sp.,Chroomonas_sp.
Cryptophyta_5,Eukaryota,Hacrobia,Cryptophyta,Cryptophyceae,Cryptomonadales,Cryptomonadales_X,Chroomonas,Chroomonas_sp.,Chroomonas_sp.
Cryptophyta_69,Eukaryota,Hacrobia,Cryptophyta,Cryptophyceae,Goniomonadales,Goniomonadales_X,Goniomonas,Goniomonas_sp.,Goniomonas_sp.
Cryptophyta_71,Eukaryota,Hacrobia,Cryptophyta,Cryptophyceae,Goniomonadales,Goniomonadales_X,Goniomonas,,Goniomonas
Cryptophyta_72,Eukaryota,Hacrobia,Cryptophyta,Cryptophyceae,Goniomonadales,Goniomonadales_X,Goniomonas,Goniomonas_sp.,Goniomonas_sp.
Cryptophyta_73,Eukaryota,Hacrobia,Cryptophyta,Cryptophyceae,Goniomonadales,Goniomonadales_X,Goniomonas,,Goniomonas
Cryptophyta_76,Eukaryota,Hacrobia,Cryptophyta,Cryptophyceae,Goniomonadales,Goniomonadales_X,Goniomonas,,Goniomonas
Cryptophyta_84,Eukaryota,Hacrobia,Cryptophyta,Cryptophyceae,Cryptomonadales,Cryptomonadales_X,Storeatula,Storeatula_major,Storeatula_major
Dictyochophyceae_12,Eukaryota,Stramenopiles,Ochrophyta,Dictyochophyceae,Dictyochophyceae_X,Pedinellales,Pseudopedinella,Pseudopedinella_elastica,Pseudopedinella_elastica
Dictyochophyceae_4,Eukaryota,Stramenopiles,Ochrophyta,Dictyochophyceae,Dictyochophyceae_X,Florenciellales,Florenciella,Florenciella_parvula,Florenciella_parvula
Dinoflagellata_1007,Eukaryota,Alveolata,Dinoflagellata,Syndiniales,Dino-Group-I,Dino-Group-I-Clade-1,Dino-Group-I-Clade-1_X,Dino-Group-I-Clade-1_X_sp.,Dino-Group-I-Clade-1_X_sp.
Dinoflagellata_1009,Eukaryota,Alveolata,Dinoflagellata,Syndiniales,Dino-Group-I,Dino-Group-I-Clade-1,Dino-Group-I-Clade-1_X,Dino-Group-I-Clade-1_X_sp.,Dino-Group-I-Clade-1_X_sp.
Dinoflagellata_1074,Eukaryota,Alveolata,Dinoflagellata,Syndiniales,Dino-Group-II,Dino-Group-II-Clade-16,Dino-Group-II-Clade-16_X,Dino-Group-II-Clade-16_X_sp.,Dino-Group-II-Clade-16_X_sp.
Dinoflagellata_1077,Eukaryota,Alveolata,Dinoflagellata,Syndiniales,Dino-Group-II,Dino-Group-II-Clade-3,Dino-Group-II-Clade-3_X,Dino-Group-II-Clade-3_X_sp.,Dino-Group-II-Clade-3_X_sp.
Dinoflagellata_1088,Eukaryota,Alveolata,Dinoflagellata,Syndiniales,Dino-Group-II,Dino-Group-II-Clade-1,Dino-Group-II-Clade-1_X,Dino-Group-II-Clade-1_X_sp.,Dino-Group-II-Clade-1_X_sp.
Dinoflagellata_1104,Eukaryota,Alveolata,Dinoflagellata,Syndiniales,Dino-Group-II,Dino-Group-II_X,Dino-Group-II-Clade-52_X,Dino-Group-II-Clade-52_X_sp.,Dino-Group-II-Clade-52_X_sp.
Dinoflagellata_1118,Eukaryota,Alveolata,Dinoflagellata,Syndiniales,Dino-Group-II,Dino-Group-II-Clade-15,Dino-Group-II-Clade-15_X,Dino-Group-II-Clade-15_X_sp.,Dino-Group-II-Clade-15_X_sp.
Dinoflagellata_1173,Eukaryota,Alveolata,Dinoflagellata,Dinophyceae,Gymnodiniales,Gymnodiniales_X,Levanderina,Levanderina_fissa,Levanderina_fissa
Dinoflagellata_1205,Eukaryota,Alveolata,Dinoflagellata,Dinophyceae,,,,,Dinophyceae
Dinoflagellata_128,Eukaryota,Alveolata,Dinoflagellata,Dinophyceae,Gonyaulacales,Gonyaulacaceae,Amylax,Amylax_buxus,Amylax_buxus
Dinoflagellata_1331,Eukaryota,Alveolata,Dinoflagellata,Dinophyceae,Suessiales,Suessiaceae,Pelagodinium,,Pelagodinium
Dinoflagellata_1336,Eukaryota,Alveolata,Dinoflagellata,Dinophyceae,Suessiales,Suessiaceae,Polarella,Polarella_glacialis,Polarella_glacialis
Dinoflagellata_1337,Eukaryota,Alveolata,Dinoflagellata,Dinophyceae,Suessiales,Suessiaceae,Polarella,Polarella_glacialis,Polarella_glacialis
Dinoflagellata_1346,Eukaryota,Alveolata,Dinoflagellata,Dinophyceae,,,,,Dinophyceae
Dinoflagellata_1496,Eukaryota,Alveolata,Dinoflagellata,Dinophyceae,Gymnodiniales,Gymnodiniaceae,,,Gymnodiniaceae
Dinoflagellata_1507,Eukaryota,Alveolata,Dinoflagellata,Dinophyceae,Gymnodiniales,Gymnodiniaceae,Gymnodinium,Gymnodinium_sp.,Gymnodinium_sp.
Dinoflagellata_1546,Eukaryota,Alveolata,Dinoflagellata,Dinophyceae,Gymnodiniales,Warnowiaceae,Proterythropsis,Proterythropsis_sp.,Proterythropsis_sp.
Dinoflagellata_1584,Eukaryota,Alveolata,Dinoflagellata,Dinophyceae,Gymnodiniales,Gymnodiniaceae,Gymnodinium,Gymnodinium_impudicum,Gymnodinium_impudicum
Dinoflagellata_1621,Eukaryota,Alveolata,Dinoflagellata,Dinophyceae,Gymnodiniales,Gymnodiniaceae,Nusuttodinium,Nusuttodinium_myriopyrenoides,Nusuttodinium_myriopyrenoides
Dinoflagellata_1645,Eukaryota,Alveolata,Dinoflagellata,Dinophyceae,Gymnodiniales,Gymnodiniaceae,,,Gymnodiniaceae
Dinoflagellata_1652,Eukaryota,Alveolata,Dinoflagellata,,,,,,Dinoflagellata
Dinoflagellata_1654,Eukaryota,Alveolata,Dinoflagellata,Dinophyceae,Gymnodiniales,Gymnodiniaceae,Paragymnodinium,Paragymnodinium_shiwhaense,Paragymnodinium_shiwhaense
Dinoflagellata_1659,Eukaryota,Alveolata,Dinoflagellata,Dinophyceae,Gymnodiniales,Gymnodiniaceae,Gyrodiniellum,Gyrodiniellum_shiwhaense,Gyrodiniellum_shiwhaense
Dinoflagellata_1660,Eukaryota,Alveolata,Dinoflagellata,,,,,,Dinoflagellata
Dinoflagellata_1715,Eukaryota,Alveolata,Dinoflagellata,Dinophyceae,Gymnodiniales,Gymnodiniaceae,Gyrodinium,,Gyrodinium
Dinoflagellata_1732,Eukaryota,Alveolata,Dinoflagellata,Dinophyceae,Dinophyceae_X,Dinophyceae_XX,Madanidinium,Madanidinium_loirii,Madanidinium_loirii
Dinoflagellata_1754,Eukaryota,Alveolata,Dinoflagellata,,,,,,Dinoflagellata
Dinoflagellata_1756,Eukaryota,Alveolata,Dinoflagellata,Dinophyceae,Peridiniales,Thoracosphaeraceae,Pentapharsodinium,Pentapharsodinium_dalei,Pentapharsodinium_dalei
Dinoflagellata_1779,Eukaryota,Alveolata,Dinoflagellata,Dinophyceae,Peridiniales,Heterocapsaceae,Heterocapsa,Heterocapsa_rotundata,Heterocapsa_rotundata
Dinoflagellata_1844,Eukaryota,Alveolata,Dinoflagellata,Dinophyceae,Prorocentrales,Prorocentraceae,Prorocentrum,Prorocentrum_cassubicum,Prorocentrum_cassubicum
Dinoflagellata_1853,Eukaryota,Alveolata,Dinoflagellata,Dinophyceae,Peridiniales,Peridiniopsidaceae,Parvodinium,Parvodinium_inconspicuum,Parvodinium_inconspicuum
Dinoflagellata_1907,Eukaryota,Alveolata,Dinoflagellata,Dinophyceae,Peridiniales,Diplopsalidaceae,,,Diplopsalidaceae
Dinoflagellata_1928,Eukaryota,Alveolata,Dinoflagellata,Dinophyceae,Peridiniales,Amphidiniopsidaceae,Herdmania,Herdmania_litoralis,Herdmania_litoralis
Dinoflagellata_1944,Eukaryota,Alveolata,Dinoflagellata,Dinophyceae,Peridiniales,Amphidiniopsidaceae,Islandinium,Islandinium_tricingulatum,Islandinium_tricingulatum
Dinoflagellata_1953,Eukaryota,Alveolata,Dinoflagellata,Dinophyceae,Peridiniales,,,,Peridiniales
Dinoflagellata_1978,Eukaryota,Alveolata,Dinoflagellata,Dinophyceae,Peridiniales,Thoracosphaeraceae,Stoeckeria,Stoeckeria_algicida,Stoeckeria_algicida
Dinoflagellata_1979,Eukaryota,Alveolata,Dinoflagellata,Dinophyceae,Peridiniales,Thoracosphaeraceae,Stoeckeria,Stoeckeria_changwonensis,Stoeckeria_changwonensis
Dinoflagellata_29,Eukaryota,Alveolata,Dinoflagellata,Dinophyceae,Peridiniales,Thoracosphaeraceae,Scrippsiella,Scrippsiella_acuminata,Scrippsiella_acuminata
Dinoflagellata_78,Eukaryota,Alveolata,Dinoflagellata,Dinophyceae,Peridiniales,Blastodiniaceae,Blastodinium,,Blastodinium
Dinoflagellata_793,Eukaryota,Alveolata,Dinoflagellata,Dinophyceae,Peridiniales,Thoracosphaeraceae,Tintinnophagus,Tintinnophagus_acutus,Tintinnophagus_acutus
Dinoflagellata_865,Eukaryota,Alveolata,Dinoflagellata,Dinophyceae,Prorocentrales,Prorocentraceae,Prorocentrum,Prorocentrum_micans,Prorocentrum_micans
Dinoflagellata_924,Eukaryota,Alveolata,Dinoflagellata,Dinophyceae,Gymnodiniales,Kareniaceae,Karlodinium,Karlodinium_veneficum,Karlodinium_veneficum
Dinoflagellata_963,Eukaryota,Alveolata,Dinoflagellata,Syndiniales,Dino-Group-I,Dino-Group-I-Clade-5,Dino-Group-I-Clade-5_X,Dino-Group-I-Clade-5_X_sp.,Dino-Group-I-Clade-5_X_sp.
Dinoflagellata_999,Eukaryota,Alveolata,Dinoflagellata,Syndiniales,Dino-Group-I,Dino-Group-I-Clade-7,Dino-Group-I-Clade-7_X,Dino-Group-I-Clade-7_X_sp.,Dino-Group-I-Clade-7_X_sp.
Discoba_11,Eukaryota,Excavata,Discoba,Heterolobosea,Heterolobosea_X,Heterolobosea_XX,Neovahlkampfia,Neovahlkampfia_damariscottae,Neovahlkampfia_damariscottae
Discoba_14,Eukaryota,Excavata,Discoba,Heterolobosea,Heterolobosea_X,,,,Heterolobosea_X
Discoba_23,Eukaryota,Excavata,Discoba,Euglenozoa,Kinetoplastida,Trypanosomatidae-Trypanosomes,Trypanosoma,Trypanosoma_sp.,Trypanosoma_sp.
Discoba_25,Eukaryota,Excavata,Discoba,Euglenozoa,Kinetoplastida,,,,Kinetoplastida
Discoba_26,Eukaryota,Excavata,Discoba,Euglenozoa,Diplonemea,Diplonemea_X,Diplonemea_XX,Diplonemea_XX_sp.,Diplonemea_XX_sp.
Discoba_29,Eukaryota,Excavata,Discoba,Euglenozoa,Euglenida,Petalomonadales,Petalomonadales_X,Petalomonadales_X_sp.,Petalomonadales_X_sp.
Haptophyta_146,Eukaryota,Hacrobia,Haptophyta,Prymnesiophyceae,Prymnesiales,Chrysochromulinaceae,Chrysochromulina,Chrysochromulina_simplex,Chrysochromulina_simplex
Haptophyta_148,Eukaryota,Hacrobia,Haptophyta,Prymnesiophyceae,Prymnesiales,Chrysochromulinaceae,Chrysochromulina,,Chrysochromulina
Haptophyta_185,Eukaryota,Hacrobia,Haptophyta,Prymnesiophyceae,Prymnesiales,Prymnesiaceae,Prymnesium,Prymnesium_kappa,Prymnesium_kappa
Haptophyta_210,Eukaryota,Hacrobia,Haptophyta,Prymnesiophyceae,Prymnesiales,Prymnesiophyceae_Clade_B5,Prymnesiophyceae_Clade_B5_X,Prymnesiophyceae_Clade_B5_X_sp.,Prymnesiophyceae_Clade_B5_X_sp.
Haptophyta_23,Eukaryota,Hacrobia,Haptophyta,Pavlovophyceae,Pavlovales,Pavlovaceae,Diacronema,Diacronema_lutheri,Diacronema_lutheri
Haptophyta_40,Eukaryota,Hacrobia,Haptophyta,Prymnesiophyceae,Prymnesiophyceae_Clade_D,Prymnesiophyceae_Clade_D_X,Prymnesiophyceae_Clade_D_XX,Prymnesiophyceae_Clade_D_XX_sp.,Prymnesiophyceae_Clade_D_XX_sp.
Haptophyta_45,Eukaryota,Hacrobia,Haptophyta,Prymnesiophyceae,Prymnesiophyceae_Clade_E,Prymnesiophyceae_Clade_E_X,Prymnesiophyceae_Clade_E_XX,Prymnesiophyceae_Clade_E_XX_sp.,Prymnesiophyceae_Clade_E_XX_sp.
Haptophyta_59,Eukaryota,Hacrobia,Haptophyta,Prymnesiophyceae,Phaeocystales,Phaeocystaceae,Phaeocystis,Phaeocystis_antarctica,Phaeocystis_antarctica
Haptophyta_82,Eukaryota,Hacrobia,Haptophyta,Prymnesiophyceae,Isochrysidales,Isochrysidaceae,,,Isochrysidaceae
Katablepharidophyta_6,Eukaryota,Hacrobia,Katablepharidophyta,Katablepharidaceae,Katablepharidales,Katablepharidales_X,Katablepharis,Katablepharis_japonica,Katablepharis_japonica
Metamonada_10,Eukaryota,Excavata,Metamonada,Preaxostyla,Oxymonadida,Pyrsonymphidae,Pyrsonympha,Pyrsonympha_sp.,Pyrsonympha_sp.
Metamonada_12,Eukaryota,Excavata,Metamonada,Preaxostyla,Oxymonadida,Pyrsonymphidae,Pyrsonympha,Pyrsonympha_sp.,Pyrsonympha_sp.
Metamonada_15,Eukaryota,Excavata,Metamonada,Preaxostyla,Oxymonadida,Pyrsonymphidae,Dinenympha,Dinenympha_sp.,Dinenympha_sp.
Metamonada_17,Eukaryota,Excavata,Metamonada,Preaxostyla,Oxymonadida,Pyrsonymphidae,Dinenympha,Dinenympha_sp.,Dinenympha_sp.
Metamonada_28,Eukaryota,Excavata,Metamonada,,,,,,Metamonada
Metamonada_8,Eukaryota,Excavata,Metamonada,Preaxostyla,Oxymonadida,Pyrsonymphidae,Pyrsonympha,Pyrsonympha_sp.,Pyrsonympha_sp.
Opalozoa_196,Eukaryota,Stramenopiles,Opalozoa,,,,,,Opalozoa
Opalozoa_24,Eukaryota,Stramenopiles,Opalozoa,Bicoecea,Borokales,Borokaceae,Bicosoecida,Bicosoecida_sp.,Bicosoecida_sp.
Opalozoa_50,Eukaryota,Stramenopiles,Opalozoa,Bicoecea,Anoecales,Cafeteriaceae,Pseudobodo,Pseudobodo_tremulans,Pseudobodo_tremulans
Opalozoa_52,Eukaryota,Stramenopiles,Opalozoa,Placidideae,Placidiales,Placidiales_X,Placidiales_XX,Placidiales_XX_sp.,Placidiales_XX_sp.
Opalozoa_58,Eukaryota,Stramenopiles,Opalozoa,MAST-3,MAST-3J,MAST-3J_X,MAST-3J_XX,MAST-3J_XX_sp.,MAST-3J_XX_sp.
Opalozoa_66,Eukaryota,Stramenopiles,Opalozoa,MAST-3,MAST-3E,MAST-3E_X,MAST-3E_XX,MAST-3E_XX_sp.,MAST-3E_XX_sp.
Opalozoa_75,Eukaryota,Stramenopiles,Opalozoa,Opalinata,Opalinata_X,Proteromonadidae,Karotomorpha,Karotomorpha_sp.,Karotomorpha_sp.
Pelagophyceae_1,Eukaryota,Stramenopiles,Ochrophyta,Pelagophyceae,Pelagomonadales,Pelagomonadaceae,Pelagomonas,Pelagomonas_calceolata,Pelagomonas_calceolata
Pelagophyceae_14,Eukaryota,Stramenopiles,Ochrophyta,Pelagophyceae,Pelagomonadales,Pelagomonadaceae,Aureococcus,Aureococcus_anophagefferens,Aureococcus_anophagefferens
Pelagophyceae_16,Eukaryota,Stramenopiles,Ochrophyta,Pelagophyceae,Pelagophyceae_X,Pelagophyceae_XX,Pelagophyceae_XXX,Pelagophyceae_XXX_sp.,Pelagophyceae_XXX_sp.
Perkinsea_29,Eukaryota,Alveolata,Perkinsea,Perkinsida,Perkinsida_X,Perkinsida_XX,Perkinsida_XXX,Perkinsida_XXX_sp.,Perkinsida_XXX_sp.
Perkinsea_31,Eukaryota,Alveolata,Perkinsea,Perkinsida,Perkinsida_X,,,,Perkinsida_X
Phaeophyceae_117,Eukaryota,Stramenopiles,Ochrophyta,Phaeophyceae,Phaeophyceae_X,Phaeophyceae_XX,Desmarestia,Desmarestia_viridis,Desmarestia_viridis
Phaeophyceae_68,Eukaryota,Stramenopiles,Ochrophyta,Phaeophyceae,Phaeophyceae_X,Phaeophyceae_XX,Pylaiella,Pylaiella_littoralis,Pylaiella_littoralis
Phaeophyceae_69,Eukaryota,Stramenopiles,Ochrophyta,Phaeophyceae,Phaeophyceae_X,Phaeophyceae_XX,,,Phaeophyceae_XX
Picozoa_0,Eukaryota,Hacrobia,Picozoa,Picozoa_X,Picozoa_XX,Picozoa_XXX,Picozoa_XXXX,Picozoa_XXXX_sp.,Picozoa_XXXX_sp.
Picozoa_11,Eukaryota,Hacrobia,Picozoa,Picozoa_X,Picozoa_XX,Picozoa_XXX,Picozoa_XXXX,Picozoa_XXXX_sp.,Picozoa_XXXX_sp.
Picozoa_15,Eukaryota,Hacrobia,Picozoa,Picozoa_X,Picozoa_XX,Picozoa_XXX,Picozoa_XXXX,Picozoa_XXXX_sp.,Picozoa_XXXX_sp.
Picozoa_6,Eukaryota,Hacrobia,Picozoa,Picozoa_X,Picozoa_XX,Picozoa_XXX,Picozoa_XXXX,Picozoa_XXXX_sp.,Picozoa_XXXX_sp.
Picozoa_9,Eukaryota,Hacrobia,Picozoa,Picozoa_X,Picozoa_XX,Picozoa_XXX,Picozoa_XXXX,Picozoa_XXXX_sp.,Picozoa_XXXX_sp.
Pseudofungi_110,Eukaryota,Stramenopiles,Pseudofungi,Oomycota,Oomycota_X,Oomycota_XX,Oomycota_XXX,Oomycota_XXX_sp.,Oomycota_XXX_sp.
Pseudofungi_34,Eukaryota,Stramenopiles,Pseudofungi,MAST-1,MAST-1A,MAST-1A_X,MAST-1A_XX,MAST-1A_XX_sp.,MAST-1A_XX_sp.
Pseudofungi_40,Eukaryota,Stramenopiles,Pseudofungi,MAST-2,MAST-2D,MAST-2D_X,MAST-2D_XX,MAST-2D_XX_sp.,MAST-2D_XX_sp.
Pseudofungi_43,Eukaryota,Stramenopiles,Pseudofungi,MAST-1,MAST-1C,MAST-1C_X,MAST-1C_XX,MAST-1C_XX_sp.,MAST-1C_XX_sp.
Pseudofungi_45,Eukaryota,Stramenopiles,Pseudofungi,MAST-1,MAST-1D,MAST-1D_X,MAST-1D_XX,MAST-1D_XX_sp.,MAST-1D_XX_sp.
Pseudofungi_48,Eukaryota,Stramenopiles,Pseudofungi,,,,,,Pseudofungi
Pseudofungi_92,Eukaryota,Stramenopiles,Pseudofungi,Pirsonia_Clade,Pirsonia_Clade_X,Pirsonia_Clade_XX,Pirsonia,Pirsonia_guinardiae,Pirsonia_guinardiae
Pseudofungi_97,Eukaryota,Stramenopiles,Pseudofungi,Pirsonia_Clade,Pirsonia_Clade_X,Pirsonia_Clade_XX,Pirsonia,,Pirsonia
Pseudofungi_98,Eukaryota,Stramenopiles,Pseudofungi,Pirsonia_Clade,Pirsonia_Clade_X,Pirsonia_Clade_XX,Pirsonia,,Pirsonia
Rhodophyta_376,Eukaryota,Archaeplastida,Rhodophyta,Florideophyceae,Corallinales,Corallinales_X,,,Corallinales_X
Rhodophyta_482,Eukaryota,Archaeplastida,Rhodophyta,Porphyridiophyceae,Porphyridiales,Porphyridiales_X,Porphyridium,,Porphyridium
Rhodophyta_485,Eukaryota,Archaeplastida,Rhodophyta,Porphyridiophyceae,Porphyridiales,Porphyridiales_X,Flintiella,Flintiella_sanguinaria,Flintiella_sanguinaria
Rhodophyta_772,Eukaryota,Archaeplastida,Rhodophyta,Florideophyceae,Gigartinales,Gigartinales_X,Mazzaella,Mazzaella_laminarioides,Mazzaella_laminarioides
Sagenista_121,Eukaryota,Stramenopiles,Sagenista,Labyrinthulomycetes,Thraustochytriales,Thraustochytriaceae,Thraustochytriaceae_X,Thraustochytriaceae_X_sp.,Thraustochytriaceae_X_sp.
Sagenista_153,Eukaryota,Stramenopiles,Sagenista,Labyrinthulomycetes,Thraustochytriales,Thraustochytriaceae,,,Thraustochytriaceae
Sagenista_53,Eukaryota,Stramenopiles,Sagenista,MAST-7,MAST-7A,MAST-7A_X,MAST-7A_XX,MAST-7A_XX_sp.,MAST-7A_XX_sp.
Sagenista_72,Eukaryota,Stramenopiles,Sagenista,,,,,,Sagenista
Sagenista_85,Eukaryota,Stramenopiles,Sagenista,Labyrinthulomycetes,,,,,Labyrinthulomycetes
Sagenista_86,Eukaryota,Stramenopiles,Sagenista,Labyrinthulomycetes,,,,,Labyrinthulomycetes
Synurophyceae_46,Eukaryota,Stramenopiles,Ochrophyta,Synurophyceae,Synurales,Synurales_X,Synurales_XX,Synurales_XX_sp.,Synurales_XX_sp.
Telonemia_22,Eukaryota,Hacrobia,Telonemia,Telonemia_X,Telonemia_XX,Telonemia-Group-2,Telonema-Group-2,Telonema_antarcticum,Telonema_antarcticum
Telonemia_35,Eukaryota,Hacrobia,Telonemia,Telonemia_X,Telonemia_XX,,,,Telonemia_XX
Telonemia_38,Eukaryota,Hacrobia,Telonemia,Telonemia_X,Telonemia_XX,Telonemia-Group-1,Telonemia-Group-1_X,Telonemia-Group-1_X_sp.,Telonemia-Group-1_X_sp.
Apusomonadidae_14,Eukaryota,Apusozoa,Apusomonadidae,Apusomonadidae_Group-1,Apusomonadidae_Group-1_X,Apusomonadidae_Group-1_XX,Amastigomonas,Amastigomonas_mutabilis,Amastigomonas_mutabilis
Bacillariophyta_183,Eukaryota,Stramenopiles,Ochrophyta,Bacillariophyta,Bacillariophyta_X,Raphid-pennate,Raphid-pennate_X,Raphid-pennate_X_sp.,Raphid-pennate_X_sp.
Bacillariophyta_207,Eukaryota,Stramenopiles,Ochrophyta,Bacillariophyta,Bacillariophyta_X,Raphid-pennate,Nitzschia,Nitzschia_sp.,Nitzschia_sp.
Bacillariophyta_265,Eukaryota,Stramenopiles,Ochrophyta,Bacillariophyta,Bacillariophyta_X,Raphid-pennate,Caloneis,Caloneis_lauta,Caloneis_lauta
Bacillariophyta_43,Eukaryota,Stramenopiles,Ochrophyta,Bacillariophyta,Bacillariophyta_X,Polar-centric-Mediophyceae,Skeletonema,Skeletonema_dohrnii,Skeletonema_dohrnii
Centroheliozoa_2,Eukaryota,Hacrobia,Centroheliozoa,Centroheliozoa_X,,,,,Centroheliozoa_X
Cercozoa_135,Eukaryota,Rhizaria,Cercozoa,Filosa-Sarcomonadea,Cercomonadida,Cercomonadidae,Cercomonas,Cercomonas_sp.,Cercomonas_sp.
Cercozoa_150,Eukaryota,Rhizaria,Cercozoa,Filosa-Sarcomonadea,Cercomonadida,Cercomonadidae,Cercomonas,Cercomonas_sp.,Cercomonas_sp.
Cercozoa_191,Eukaryota,Rhizaria,Cercozoa,Endomyxa-Phytomyxea,Phagomyxida,Phagomyxidae,Phagomyxa,Phagomyxa_bellerocheae,Phagomyxa_bellerocheae
Cercozoa_24,Eukaryota,Rhizaria,Cercozoa,Filosa-Imbricatea,,,,,Filosa-Imbricatea
Cercozoa_318,Eukaryota,Rhizaria,Cercozoa,Filosa-Thecofilosea,Cryomonadida,Protaspa-lineage,Protaspa,Protaspa_grandis,Protaspa_grandis
Cercozoa_341,Eukaryota,Rhizaria,Cercozoa,Filosa-Thecofilosea,Cryomonadida,Protaspa-lineage,Protaspa-lineage_X,Protaspa-lineage_X_sp.,Protaspa-lineage_X_sp.
Cercozoa_343,Eukaryota,Rhizaria,Cercozoa,Filosa-Thecofilosea,Cryomonadida,,,,Cryomonadida
Cercozoa_357,Eukaryota,Rhizaria,Cercozoa,Filosa-Thecofilosea,Cryomonadida,Rhogostoma-lineage,,,Rhogostoma-lineage
Cercozoa_359,Eukaryota,Rhizaria,Cercozoa,Filosa-Thecofilosea,Cryomonadida,Rhogostoma-lineage,Rhogostoma-lineage_X,Rhogostoma-lineage_X_sp.,Rhogostoma-lineage_X_sp.
Cercozoa_415,Eukaryota,Rhizaria,Cercozoa,,,,,,Cercozoa
Chlorophyta__Streptophyta_1394,Eukaryota,Archaeplastida,Chlorophyta,Chlorophyceae,Chlamydomonadales,Chlamydomonadales_X,Chlamydomonadales_XX,Chlamydomonadales_XX_sp.,Chlamydomonadales_XX_sp.
Chlorophyta__Streptophyta_777,Eukaryota,Archaeplastida,Chlorophyta,Mamiellophyceae,Mamiellales,Mamiellaceae,Mantoniella,Mantoniella_antarctica,Mantoniella_antarctica
Chrysophyceae_208,Eukaryota,Stramenopiles,Ochrophyta,Chrysophyceae,Chrysophyceae_X,Chrysophyceae_Clade-C,Epipyxis,Epipyxis_aureus,Epipyxis_aureus
Ciliophora_1026,Eukaryota,Alveolata,Ciliophora,Oligohymenophorea,Scuticociliatia_1,Philasterida,Philasterides,Philasterides_armatalis,Philasterides_armatalis
Ciliophora_109,Eukaryota,Alveolata,Ciliophora,Spirotrichea,Euplotia,Discocephalidae,Paradiscocephalus,Paradiscocephalus_sp.,Paradiscocephalus_sp.
Ciliophora_1157,Eukaryota,Alveolata,Ciliophora,Oligohymenophorea,Scuticociliatia_2,Pleuronematida,Pleuronematida_X,Pleuronematida_X_sp.,Pleuronematida_X_sp.
Ciliophora_1334,Eukaryota,Alveolata,Ciliophora,Phyllopharyngea,Cyrtophoria_1,PHYLL_4,PHYLL_4_X,PHYLL_4_X_sp.,PHYLL_4_X_sp.
Ciliophora_1576,Eukaryota,Alveolata,Ciliophora,Spirotrichea,Euplotia,Aspidiscidae,Aspidisca,Aspidisca_steini,Aspidisca_steini
Ciliophora_1598,Eukaryota,Alveolata,Ciliophora,Spirotrichea,Euplotia,Uronychiidae,Uronychia,Uronychia_sp.,Uronychia_sp.
Ciliophora_42,Eukaryota,Alveolata,Ciliophora,Spirotrichea,Hypotrichia,Pseudokeronopsidae,Pseudokeronopsis,Pseudokeronopsis_sp.,Pseudokeronopsis_sp.
Ciliophora_651,Eukaryota,Alveolata,Ciliophora,Ciliophora_X,Ciliophora_XX,Protocruziidae,Protocruzia,,Protocruzia
Ciliophora_66,Eukaryota,Alveolata,Ciliophora,Spirotrichea,Hypotrichia,,,,Hypotrichia
Ciliophora_81,Eukaryota,Alveolata,Ciliophora,Spirotrichea,Hypotrichia,,,,Hypotrichia
Ciliophora_811,Eukaryota,Alveolata,Ciliophora,Oligohymenophorea,Peniculia,Frontoniidae_1,Frontonia_1,,Frontonia_1
Ciliophora_985,Eukaryota,Alveolata,Ciliophora,Oligohymenophorea,Scuticociliatia_1,Thigmophryidae,Myxophyllum,Myxophyllum_sp.,Myxophyllum_sp.
Conosa_162,Eukaryota,Amoebozoa,Conosa,,,,,,Conosa
Dictyochophyceae_15,Eukaryota,Stramenopiles,Ochrophyta,Dictyochophyceae,Dictyochophyceae_X,Pedinellales,Pedinellales_X,Pedinellales_X_sp.,Pedinellales_X_sp.
Dinoflagellata_1038,Eukaryota,Alveolata,Dinoflagellata,Syndiniales,Dino-Group-II,Dino-Group-II-Clade-14,Dino-Group-II-Clade-14_X,Dino-Group-II-Clade-14_X_sp.,Dino-Group-II-Clade-14_X_sp.
Dinoflagellata_1080,Eukaryota,Alveolata,Dinoflagellata,Syndiniales,Dino-Group-II,Dino-Group-II-Clade-3,Dino-Group-II-Clade-3_X,Dino-Group-II-Clade-3_X_sp.,Dino-Group-II-Clade-3_X_sp.
Dinoflagellata_1085,Eukaryota,Alveolata,Dinoflagellata,Syndiniales,Dino-Group-II,Dino-Group-II-Clade-1,Dino-Group-II-Clade-1_X,Dino-Group-II-Clade-1_X_sp.,Dino-Group-II-Clade-1_X_sp.
Dinoflagellata_1089,Eukaryota,Alveolata,Dinoflagellata,Syndiniales,Dino-Group-II,Dino-Group-II-Clade-1,Dino-Group-II-Clade-1_X,Dino-Group-II-Clade-1_X_sp.,Dino-Group-II-Clade-1_X_sp.
Dinoflagellata_1098,Eukaryota,Alveolata,Dinoflagellata,Syndiniales,Dino-Group-II,Dino-Group-II-Clade-2,Dino-Group-II-Clade-2_X,Dino-Group-II-Clade-2_X_sp.,Dino-Group-II-Clade-2_X_sp.
Dinoflagellata_1342,Eukaryota,Alveolata,Dinoflagellata,Dinophyceae,Suessiales,Suessiaceae,Polarella,Polarella_glacialis,Polarella_glacialis
Dinoflagellata_1449,Eukaryota,Alveolata,Dinoflagellata,Dinophyceae,Peridiniales,Peridiniaceae,Peridinium,Peridinium_sp.,Peridinium_sp.
Dinoflagellata_1504,Eukaryota,Alveolata,Dinoflagellata,Dinophyceae,Gymnodiniales,Gymnodiniaceae,Apicoporus,Apicoporus_parvidiaboli,Apicoporus_parvidiaboli
Dinoflagellata_1522,Eukaryota,Alveolata,Dinoflagellata,Dinophyceae,Gymnodiniales,Gymnodiniaceae,Polykrikos,,Polykrikos
Dinoflagellata_1587,Eukaryota,Alveolata,Dinoflagellata,Dinophyceae,Gymnodiniales,Gymnodiniaceae,Gymnodinium,Gymnodinium_litoralis,Gymnodinium_litoralis
Dinoflagellata_1711,Eukaryota,Alveolata,Dinoflagellata,Dinophyceae,Gymnodiniales,Gymnodiniaceae,Gyrodinium,Gyrodinium_dominans,Gyrodinium_dominans
Dinoflagellata_1720,Eukaryota,Alveolata,Dinoflagellata,Dinophyceae,Gymnodiniales,Gymnodiniaceae,Gyrodinium,Gyrodinium_spirale,Gyrodinium_spirale
Dinoflagellata_1769,Eukaryota,Alveolata,Dinoflagellata,Dinophyceae,Peridiniales,Heterocapsaceae,Heterocapsa,Heterocapsa_circularisquama,Heterocapsa_circularisquama
Dinoflagellata_1780,Eukaryota,Alveolata,Dinoflagellata,Dinophyceae,Peridiniales,Heterocapsaceae,Heterocapsa,Heterocapsa_rotundata,Heterocapsa_rotundata
Dinoflagellata_1929,Eukaryota,Alveolata,Dinoflagellata,Dinophyceae,Peridiniales,Amphidiniopsidaceae,,,Amphidiniopsidaceae
Dinoflagellata_1951,Eukaryota,Alveolata,Dinoflagellata,Dinophyceae,Peridiniales,Amphidiniopsidaceae,Islandinium,Islandinium_minutum,Islandinium_minutum
Dinoflagellata_868,Eukaryota,Alveolata,Dinoflagellata,Dinophyceae,Prorocentrales,Prorocentraceae,Prorocentrum,Prorocentrum_micans,Prorocentrum_micans
Dinoflagellata_926,Eukaryota,Alveolata,Dinoflagellata,Dinophyceae,Gymnodiniales,Kareniaceae,Karlodinium,Karlodinium_veneficum,Karlodinium_veneficum
Dinoflagellata_960,Eukaryota,Alveolata,Dinoflagellata,Syndiniales,Dino-Group-I,Dino-Group-I-Clade-5,Dino-Group-I-Clade-5_X,Dino-Group-I-Clade-5_X_sp.,Dino-Group-I-Clade-5_X_sp.
Dinoflagellata_985,Eukaryota,Alveolata,Dinoflagellata,Syndiniales,Dino-Group-I,Dino-Group-I-Clade-4,Dino-Group-I-Clade-4_X,Dino-Group-I-Clade-4_X_sp.,Dino-Group-I-Clade-4_X_sp.
Discoba_20,Eukaryota,Excavata,Discoba,Euglenozoa,Kinetoplastida,Eubodonid,Eubodonid_X,Eubodonid_X_sp.,Eubodonid_X_sp.
Discoba_24,Eukaryota,Excavata,Discoba,Euglenozoa,Kinetoplastida,,,,Kinetoplastida
Discoba_28,Eukaryota,Excavata,Discoba,Euglenozoa,Euglenida,Euglenales,Colacium,Colacium_vesiculosum,Colacium_vesiculosum
Glaucophyta_3,Eukaryota,Archaeplastida,Glaucophyta,Glaucocystophyceae,Glaucocystophytes,Cyanoptycaceae,Cyanoptyche,Cyanoptyche_gloeocystis,Cyanoptyche_gloeocystis
Hilomonadea_17,Eukaryota,Apusozoa,Hilomonadea,Planomonadida,Planomonadidae,Planomonadidae_X,Micronuclearia,Micronuclearia_podoventralis,Micronuclearia_podoventralis
Opalozoa_60,Eukaryota,Stramenopiles,Opalozoa,MAST-3,MAST-3I,MAST-3I_X,MAST-3I_XX,MAST-3I_XX_sp.,MAST-3I_XX_sp.
Pseudofungi_74,Eukaryota,Stramenopiles,Pseudofungi,Oomycota,Oomycota_X,Peronosporales,Lagenidium,Lagenidium_caudatum,Lagenidium_caudatum
Radiolaria_4,Eukaryota,Rhizaria,Radiolaria,RAD-A,RAD-A_X,RAD-A_XX,RAD-A_XXX,RAD-A_XXX_sp.,RAD-A_XXX_sp.
Rhodophyta_484,Eukaryota,Archaeplastida,Rhodophyta,Porphyridiophyceae,Porphyridiales,Porphyridiales_X,Porphyridium,,Porphyridium
Rhodophyta_885,Eukaryota,Archaeplastida,Rhodophyta,Florideophyceae,Rhodymeniales,Rhodymeniales_X,,,Rhodymeniales_X
Sagenista_135,Eukaryota,Stramenopiles,Sagenista,Labyrinthulomycetes,Thraustochytriales,Thraustochytriaceae,Labyrinthuloides,Labyrinthuloides_haliotidis,Labyrinthuloides_haliotidis
Sagenista_33,Eukaryota,Stramenopiles,Sagenista,Labyrinthulomycetes,Thraustochytriales,Thraustochytriaceae,Aurantiochytrium,Aurantiochytrium_sp.,Aurantiochytrium_sp.
Synurophyceae_23,Eukaryota,Stramenopiles,Ochrophyta,Synurophyceae,Synurales,Synurales_X,Mallomonas,Mallomonas_akrokomos,Mallomonas_akrokomos
Telonemia_1,Eukaryota,Hacrobia,Telonemia,Telonemia_X,Telonemia_XX,Telonemia-Group-1,Telonema-Group-1,Telonema_subtile,Telonema_subtile
Bacillariophyta_114,Eukaryota,Stramenopiles,Ochrophyta,Bacillariophyta,Bacillariophyta_X,Radial-centric-basal-Coscinodiscophyceae,Corethron,Corethron_hystrix,Corethron_hystrix
Bacillariophyta_71,Eukaryota,Stramenopiles,Ochrophyta,Bacillariophyta,Bacillariophyta_X,Polar-centric-Mediophyceae,Bacterosira,Bacterosira_bathyomphala,Bacterosira_bathyomphala
Bolidophyceae_4,Eukaryota,Stramenopiles,Ochrophyta,Bolidophyceae,Parmales,Triparmaceae,Triparma,Triparma_eleuthera,Triparma_eleuthera
Ciliophora_1342,Eukaryota,Alveolata,Ciliophora,Phyllopharyngea,Suctoria,Suctoria_X,Suctoria_XX,Suctoria_XX_sp.,Suctoria_XX_sp.
Conosa_160,Eukaryota,Amoebozoa,Conosa,Mycetozoa-Myxogastrea,Trichiales,Trichiaceae,Trichia,Trichia_persimilis,Trichia_persimilis
Dinoflagellata_1081,Eukaryota,Alveolata,Dinoflagellata,Syndiniales,Dino-Group-II,Dino-Group-II-Clade-3,Dino-Group-II-Clade-3_X,Dino-Group-II-Clade-3_X_sp.,Dino-Group-II-Clade-3_X_sp.
Dinoflagellata_1086,Eukaryota,Alveolata,Dinoflagellata,Syndiniales,Dino-Group-II,Dino-Group-II-Clade-1,Dino-Group-II-Clade-1_X,Dino-Group-II-Clade-1_X_sp.,Dino-Group-II-Clade-1_X_sp.
Dinoflagellata_1338,Eukaryota,Alveolata,Dinoflagellata,Dinophyceae,Suessiales,Suessiaceae,Polarella,Polarella_glacialis,Polarella_glacialis
Dinoflagellata_918,Eukaryota,Alveolata,Dinoflagellata,Dinophyceae,Gymnodiniales,Kareniaceae,Karlodinium,Karlodinium_veneficum,Karlodinium_veneficum
Metamonada_13,Eukaryota,Excavata,Metamonada,Preaxostyla,Oxymonadida,Pyrsonymphidae,Pyrsonympha,Pyrsonympha_sp.,Pyrsonympha_sp.
Metamonada_9,Eukaryota,Excavata,Metamonada,Preaxostyla,Oxymonadida,Pyrsonymphidae,Pyrsonympha,Pyrsonympha_sp.,Pyrsonympha_sp.
Opalozoa_64,Eukaryota,Stramenopiles,Opalozoa,MAST-3,MAST-3F,MAST-3F_X,MAST-3F_XX,MAST-3F_XX_sp.,MAST-3F_XX_sp.
Pseudofungi_117,Eukaryota,Stramenopiles,Pseudofungi,Oomycota,Oomycota_X,Oomycota_XX,Oomycota_XXX,Oomycota_XXX_sp.,Oomycota_XXX_sp.
Pseudofungi_76,Eukaryota,Stramenopiles,Pseudofungi,Oomycota,Oomycota_X,Peronosporales,,,Peronosporales
Radiolaria_109,Eukaryota,Rhizaria,Radiolaria,Acantharea,,,,,Acantharea
Telonemia_10,Eukaryota,Hacrobia,Telonemia,Telonemia_X,Telonemia_XX,Telonemia-Group-2,Telonemia-Group-2_X,Telonemia-Group-2_X_sp.,Telonemia-Group-2_X_sp.
Telonemia_15,Eukaryota,Hacrobia,Telonemia,Telonemia_X,Telonemia_XX,Telonemia-Group-2,Telonemia-Group-2_X,Telonemia-Group-2_X_sp.,Telonemia-Group-2_X_sp.
Apicomplexa_57,Eukaryota,Alveolata,Apicomplexa,Coccidiomorphea,Haemosporida,Plasmodiidae,Hepatocystis,Hepatocystis_sp.,Hepatocystis_sp.
Bacillariophyta_3,Eukaryota,Stramenopiles,Ochrophyta,Bacillariophyta,Bacillariophyta_X,Araphid-pennate,Psammoneis,Psammoneis_pseudojaponica,Psammoneis_pseudojaponica
Centroheliozoa_4,Eukaryota,Hacrobia,Centroheliozoa,Centroheliozoa_X,,,,,Centroheliozoa_X
Cercozoa_305,Eukaryota,Rhizaria,Cercozoa,,,,,,Cercozoa
Cercozoa_418,Eukaryota,Rhizaria,Cercozoa,,,,,,Cercozoa
Cercozoa_6,Eukaryota,Rhizaria,Cercozoa,Filosa-Imbricatea,Thaumatomonadida,Thaumatomonadidae,Thaumatomonas,Thaumatomonas_sp.,Thaumatomonas_sp.
Cercozoa_70,Eukaryota,Rhizaria,Cercozoa,Filosa-Imbricatea,,,,,Filosa-Imbricatea
Ciliophora_606,Eukaryota,Alveolata,Ciliophora,Spirotrichea,Hypotrichia,Oxytrichidae,Protogastrostyla,Protogastrostyla_pulchra,Protogastrostyla_pulchra
Cryptophyta_1,Eukaryota,Hacrobia,Cryptophyta,Cryptophyceae,Cryptomonadales,Cryptomonadales_X,Proteomonas,Proteomonas_sulcata,Proteomonas_sulcata
Dinoflagellata_1431,Eukaryota,Alveolata,Dinoflagellata,Dinophyceae,Peridiniales,Amphidomataceae,Azadinium,Azadinium_cuneatum,Azadinium_cuneatum
Dinoflagellata_1492,Eukaryota,Alveolata,Dinoflagellata,Dinophyceae,Gymnodiniales,Gymnodiniaceae,Amphidinium,Amphidinium_herdmanii,Amphidinium_herdmanii
Dinoflagellata_1612,Eukaryota,Alveolata,Dinoflagellata,Dinophyceae,Gymnodiniales,Gymnodiniaceae,Nusuttodinium,Nusuttodinium_poecilochroum,Nusuttodinium_poecilochroum
Dinoflagellata_857,Eukaryota,Alveolata,Dinoflagellata,Dinophyceae,Prorocentrales,Prorocentraceae,Prorocentrum,Prorocentrum_micans,Prorocentrum_micans
Dinoflagellata_925,Eukaryota,Alveolata,Dinoflagellata,Dinophyceae,Gymnodiniales,Kareniaceae,Karlodinium,Karlodinium_veneficum,Karlodinium_veneficum
Metamonada_16,Eukaryota,Excavata,Metamonada,Preaxostyla,Oxymonadida,Pyrsonymphidae,Dinenympha,Dinenympha_sp.,Dinenympha_sp.
Metamonada_18,Eukaryota,Excavata,Metamonada,Preaxostyla,Oxymonadida,Pyrsonymphidae,Dinenympha,Dinenympha_sp.,Dinenympha_sp.
Pelagophyceae_18,Eukaryota,Stramenopiles,Ochrophyta,Pelagophyceae,Pelagophyceae_X,Pelagophyceae_XX,Pelagophyceae_XXX,Pelagophyceae_XXX_sp.,Pelagophyceae_XXX_sp.
Perkinsea_32,Eukaryota,Alveolata,Perkinsea,Perkinsida,Perkinsida_X,Perkinsida_XX,Perkinsida_XXX,Perkinsida_XXX_sp.,Perkinsida_XXX_sp.
Radiolaria_1,Eukaryota,Rhizaria,Radiolaria,RAD-A,RAD-A_X,RAD-A_XX,RAD-A_XXX,RAD-A_XXX_sp.,RAD-A_XXX_sp.
Apicomplexa_56,Eukaryota,Alveolata,Apicomplexa,Coccidiomorphea,Haemosporida,Plasmodiidae,Hepatocystis,Hepatocystis_sp.,Hepatocystis_sp.
Bacillariophyta_15,Eukaryota,Stramenopiles,Ochrophyta,Bacillariophyta,Bacillariophyta_X,Polar-centric-Mediophyceae,Pleurosira,Pleurosira_laevis,Pleurosira_laevis
Bacillariophyta_174,Eukaryota,Stramenopiles,Ochrophyta,Bacillariophyta,Bacillariophyta_X,Araphid-pennate,Asterionellopsis,Asterionellopsis_glacialis,Asterionellopsis_glacialis
Bacillariophyta_254,Eukaryota,Stramenopiles,Ochrophyta,Bacillariophyta,Bacillariophyta_X,Raphid-pennate,Craticula,Craticula_importuna,Craticula_importuna
Bacillariophyta_362,Eukaryota,Stramenopiles,Ochrophyta,Bacillariophyta,Bacillariophyta_X,Araphid-pennate,,,Araphid-pennate
Cercozoa_141,Eukaryota,Rhizaria,Cercozoa,Filosa-Sarcomonadea,Cercomonadida,Cercomonadidae,Cercomonas,Cercomonas_sp.,Cercomonas_sp.
Cercozoa_376,Eukaryota,Rhizaria,Cercozoa,Phaeodarea,,,,,Phaeodarea
Cercozoa_39,Eukaryota,Rhizaria,Cercozoa,Filosa-Imbricatea,Euglyphida,Euglyphidae,Euglypha,Euglypha_rotunda,Euglypha_rotunda
Cercozoa_48,Eukaryota,Rhizaria,Cercozoa,Filosa-Imbricatea,Euglyphida,Trinematidae,Trinema,Trinema_enchelys,Trinema_enchelys
Cercozoa_77,Eukaryota,Rhizaria,Cercozoa,Filosa-Imbricatea,Marimonadida,Marimonadida_X,Marimonadida_XX,Marimonadida_XX_sp.,Marimonadida_XX_sp.
Ciliophora_1273,Eukaryota,Alveolata,Ciliophora,Colpodea,Colpodea_X,Platyophryida,Woodruffides,Woodruffides_metabolicus,Woodruffides_metabolicus
Ciliophora_1546,Eukaryota,Alveolata,Ciliophora,Spirotrichea,Euplotia,Euplotidae,,,Euplotidae
Ciliophora_349,Eukaryota,Alveolata,Ciliophora,Spirotrichea,Strombidiida,Strombidiidae_Q,Strombidiidae_Q_X,Strombidiidae_Q_X_sp.,Strombidiidae_Q_X_sp.
Ciliophora_556,Eukaryota,Alveolata,Ciliophora,Spirotrichea,Strombidiida_B,Strombidiida_B_X,Strombidiida_B_XX,Strombidiida_B_XX_sp.,Strombidiida_B_XX_sp.
Dictyochophyceae_0,Eukaryota,Stramenopiles,Ochrophyta,Dictyochophyceae,Dictyochophyceae_X,Florenciellales,Pseudochattonella,Pseudochattonella_verruculosa,Pseudochattonella_verruculosa
Dinoflagellata_1017,Eukaryota,Alveolata,Dinoflagellata,,,,,,Dinoflagellata
Dinoflagellata_1340,Eukaryota,Alveolata,Dinoflagellata,Dinophyceae,Suessiales,Suessiaceae,Polarella,Polarella_glacialis,Polarella_glacialis
Dinoflagellata_1628,Eukaryota,Alveolata,Dinoflagellata,Dinophyceae,Gymnodiniales,Gymnodiniaceae,Nusuttodinium,Nusuttodinium_desymbiontum,Nusuttodinium_desymbiontum
Dinoflagellata_1748,Eukaryota,Alveolata,Dinoflagellata,Dinophyceae,Peridiniales,Peridiniales_X,Sabulodinium,Sabulodinium_undulatum,Sabulodinium_undulatum
Dinoflagellata_1781,Eukaryota,Alveolata,Dinoflagellata,Dinophyceae,Peridiniales,Heterocapsaceae,Heterocapsa,Heterocapsa_rotundata,Heterocapsa_rotundata
Dinoflagellata_976,Eukaryota,Alveolata,Dinoflagellata,Syndiniales,Dino-Group-I,Dino-Group-I-Clade-3,Dino-Group-I-Clade-3_X,Dino-Group-I-Clade-3_X_sp.,Dino-Group-I-Clade-3_X_sp.
Discoba_27,Eukaryota,Excavata,Discoba,Euglenozoa,,,,,Euglenozoa
Discoba_33,Eukaryota,Excavata,Discoba,,,,,,Discoba
Haptophyta_143,Eukaryota,Hacrobia,Haptophyta,Prymnesiophyceae,Prymnesiales,Chrysochromulinaceae,Chrysochromulina,,Chrysochromulina
Haptophyta_91,Eukaryota,Hacrobia,Haptophyta,Prymnesiophyceae,Coccolithales,Chrysotilaceae,,,Chrysotilaceae
Lobosa_59,Eukaryota,Amoebozoa,Lobosa,Discosea-Flabellinia,Vannellida,Vannellidae,Clydonella,Clydonella_sp.,Clydonella_sp.
Metamonada_11,Eukaryota,Excavata,Metamonada,Preaxostyla,Oxymonadida,Pyrsonymphidae,Pyrsonympha,Pyrsonympha_sp.,Pyrsonympha_sp.
Metamonada_25,Eukaryota,Excavata,Metamonada,Preaxostyla,Oxymonadida,Trimastigidae,Trimastix,,Trimastix
Opalozoa_10,Eukaryota,Stramenopiles,Opalozoa,MAST-12,MAST-12E,MAST-12E_X,MAST-12E_XX,MAST-12E_XX_sp.,MAST-12E_XX_sp.
Opalozoa_98,Eukaryota,Stramenopiles,Opalozoa,Opalinata,Opalinata_X,Blastocystis-Group,Blastocystis,Blastocystis_sp.,Blastocystis_sp.
Sagenista_57,Eukaryota,Stramenopiles,Sagenista,MAST-7,,,,,MAST-7
Sagenista_93,Eukaryota,Stramenopiles,Sagenista,Labyrinthulomycetes,Labyrinthulales,Labyrinthulaceae,Labyrinthula,Labyrinthula_sp.,Labyrinthula_sp.
Telonemia_2,Eukaryota,Hacrobia,Telonemia,Telonemia_X,Telonemia_XX,Telonemia-Group-2,Telonemia-Group-2_X,Telonemia-Group-2_X_sp.,Telonemia-Group-2_X_sp.
Bacillariophyta_296,Eukaryota,Stramenopiles,Ochrophyta,Bacillariophyta,Bacillariophyta_X,Araphid-pennate,Licmophora,Licmophora_gracilis,Licmophora_gracilis
Bacillariophyta_321,Eukaryota,Stramenopiles,Ochrophyta,Bacillariophyta,Bacillariophyta_X,Araphid-pennate,Synedra,Synedra_fragilaroides,Synedra_fragilaroides
Centroheliozoa_0,Eukaryota,Hacrobia,Centroheliozoa,Centroheliozoa_X,Centroheliozoa_XX,Centroheliozoa_XXX,Centroheliozoa_XXXX,Centroheliozoa_XXXX_sp.,Centroheliozoa_XXXX_sp.
Cercozoa_314,Eukaryota,Rhizaria,Cercozoa,Filosa-Thecofilosea,Filosa-Thecofilosea_X,Mataza-lineage,Mataza-lineage_X,Mataza-lineage_X_sp.,Mataza-lineage_X_sp.
Ciliophora_1395,Eukaryota,Alveolata,Ciliophora,Litostomatea,Trichostomatia,Trichostomatia_X,Diplodinium,Diplodinium_anisacanthum,Diplodinium_anisacanthum
Dictyochophyceae_20,Eukaryota,Stramenopiles,Ochrophyta,Dictyochophyceae,Dictyochophyceae_X,Pedinellales,Pedinellales_X,Pedinellales_X_sp.,Pedinellales_X_sp.
Dinoflagellata_1912,Eukaryota,Alveolata,Dinoflagellata,Dinophyceae,Gonyaulacales,Thecadiniaceae,Thecadinium,,Thecadinium
Dinoflagellata_823,Eukaryota,Alveolata,Dinoflagellata,Dinophyceae,Prorocentrales,Prorocentraceae,Prorocentrum,Prorocentrum_cordatum,Prorocentrum_cordatum
Dinoflagellata_856,Eukaryota,Alveolata,Dinoflagellata,Dinophyceae,Prorocentrales,Prorocentraceae,Prorocentrum,Prorocentrum_micans,Prorocentrum_micans
Metamonada_26,Eukaryota,Excavata,Metamonada,Preaxostyla,Oxymonadida,,,,Oxymonadida
Pseudofungi_95,Eukaryota,Stramenopiles,Pseudofungi,Pirsonia_Clade,Pirsonia_Clade_X,Pirsonia_Clade_XX,Pirsonia,,Pirsonia
Cercozoa_11,Eukaryota,Rhizaria,Cercozoa,Filosa-Imbricatea,Filosa-Imbricatea_X,Novel-clade-2,Novel-clade-2_X,Novel-clade-2_X_sp.,Novel-clade-2_X_sp.
Cercozoa_328,Eukaryota,Rhizaria,Cercozoa,Filosa-Thecofilosea,Cryomonadida,Cryothecomonas-lineage,Cryothecomonas,Cryothecomonas_sp.,Cryothecomonas_sp.
Cercozoa_417,Eukaryota,Rhizaria,Cercozoa,,,,,,Cercozoa
Chlorophyta__Streptophyta_1047,Eukaryota,Archaeplastida,Chlorophyta,Ulvophyceae,Ulotrichales,Ulotrichales_X,Ulothrix,Ulothrix_sp.,Ulothrix_sp.
Ciliophora_739,Eukaryota,Alveolata,Ciliophora,Cyclotrichium_like_organism,Cyclotrichium_like_organism_X,Cyclotrichium_like_organism_XX,Cyclotrichium,Cyclotrichium_cyclokaryon,Cyclotrichium_cyclokaryon
Dinoflagellata_1073,Eukaryota,Alveolata,Dinoflagellata,Syndiniales,Dino-Group-II,Dino-Group-II-Clade-16,Dino-Group-II-Clade-16_X,Dino-Group-II-Clade-16_X_sp.,Dino-Group-II-Clade-16_X_sp.
Telonemia_29,Eukaryota,Hacrobia,Telonemia,Telonemia_X,Telonemia_XX,,,,Telonemia_XX
Bacillariophyta_111,Eukaryota,Stramenopiles,Ochrophyta,Bacillariophyta,Bacillariophyta_X,Radial-centric-basal-Coscinodiscophyceae,Actinoptychus,Actinoptychus_sinensis,Actinoptychus_sinensis
Chlorophyta__Streptophyta_1098,Eukaryota,Archaeplastida,Chlorophyta,Ulvophyceae,Ulvales-relatives,Ulvales-relatives_X,Acrochaete,,Acrochaete
Ciliophora_364,Eukaryota,Alveolata,Ciliophora,Spirotrichea,Strombidiida_G,Strombidiida_G_X,Strombidiida_G_XX,Strombidiida_G_XX_sp.,Strombidiida_G_XX_sp.
Metamonada_19,Eukaryota,Excavata,Metamonada,Preaxostyla,Oxymonadida,Pyrsonymphidae,Dinenympha,Dinenympha_sp.,Dinenympha_sp.
Bacillariophyta_119,Eukaryota,Stramenopiles,Ochrophyta,Bacillariophyta,Bacillariophyta_X,Radial-centric-basal-Coscinodiscophyceae,Guinardia,Guinardia_delicatula,Guinardia_delicatula
Bolidophyceae_6,Eukaryota,Stramenopiles,Ochrophyta,Bolidophyceae,Parmales,Parmales_env_2,Parmales_env_2_X,Parmales_env_2_X_sp.,Parmales_env_2_X_sp.
Cryptophyta_118,Eukaryota,Hacrobia,Cryptophyta,Cryptophyceae,Cryptomonadales,Cryptomonadales_X,Geminigera,Geminigera_cryophila,Geminigera_cryophila
Dinoflagellata_1335,Eukaryota,Alveolata,Dinoflagellata,Dinophyceae,Suessiales,Suessiaceae,Polarella,Polarella_glacialis,Polarella_glacialis
Dinoflagellata_1430,Eukaryota,Alveolata,Dinoflagellata,Dinophyceae,Peridiniales,Amphidomataceae,Azadinium,Azadinium_cuneatum,Azadinium_cuneatum
Cercozoa_426,Eukaryota,Rhizaria,Cercozoa,Filosa-Imbricatea,Thaumatomonadida,Thaumatomonadidae,Thaumatomonas,Thaumatomonas_seravini,Thaumatomonas_seravini
Bacillariophyta_123,Eukaryota,Stramenopiles,Ochrophyta,Bacillariophyta,Bacillariophyta_X,Radial-centric-basal-Coscinodiscophyceae,Guinardia,Guinardia_delicatula,Guinardia_delicatula
Conosa_87,Eukaryota,Amoebozoa,Conosa,Archamoebea,Archamoebea_X,Entamoebidae,Entamoeba,,Entamoeba
Pseudofungi_35,Eukaryota,Stramenopiles,Pseudofungi,MAST-1,MAST-1A,MAST-1A_X,MAST-1A_XX,MAST-1A_XX_sp.,MAST-1A_XX_sp.
Bacillariophyta_7,Eukaryota,Stramenopiles,Ochrophyta,Bacillariophyta,Bacillariophyta_X,Araphid-pennate,Neofragilaria,Neofragilaria_nicobarica,Neofragilaria_nicobarica
Cercozoa_369,Eukaryota,Rhizaria,Cercozoa,Filosa-Thecofilosea,Ebriida,Ebriidae,Ebria,Ebria_tripartita,Ebria_tripartita
Bacillariophyta_226,Eukaryota,Stramenopiles,Ochrophyta,Bacillariophyta,Bacillariophyta_X,Raphid-pennate,,,Raphid-pennate
Bacillariophyta_72,Eukaryota,Stramenopiles,Ochrophyta,Bacillariophyta,Bacillariophyta_X,Polar-centric-Mediophyceae,,,Polar-centric-Mediophyceae
Cercozoa_118,Eukaryota,Rhizaria,Cercozoa,Filosa-Sarcomonadea,Cercomonadida,Paracercomonadidae,Paracercomonas,Paracercomonas_sp.,Paracercomonas_sp.
Cercozoa_201,Eukaryota,Rhizaria,Cercozoa,Endomyxa,Vampyrellida,,,,Vampyrellida
Cercozoa_377,Eukaryota,Rhizaria,Cercozoa,Phaeodarea,Phaeogromida,Challengeriidae,Challengeron,Challengeron_diodon,Challengeron_diodon
Chlorophyta__Streptophyta_174,Eukaryota,Archaeplastida,Streptophyta,Embryophyceae,Embryophyceae_X,Embryophyceae_XX,Cosmelia,Cosmelia_rubra,Cosmelia_rubra
Chlorophyta__Streptophyta_211,Eukaryota,Archaeplastida,Streptophyta,Embryophyceae,Embryophyceae_X,Embryophyceae_XX,Gilia,Gilia_capitata,Gilia_capitata
Chlorophyta__Streptophyta_841,Eukaryota,Archaeplastida,Chlorophyta,Mamiellophyceae,Mamiellales,Bathycoccaceae,Bathycoccus,Bathycoccus_prasinos,Bathycoccus_prasinos
Chlorophyta__Streptophyta_845,Eukaryota,Archaeplastida,Chlorophyta,Mamiellophyceae,Mamiellales,Bathycoccaceae,Bathycoccus,Bathycoccus_prasinos,Bathycoccus_prasinos
Chrysophyceae_94,Eukaryota,Stramenopiles,Ochrophyta,Chrysophyceae,Chrysophyceae_X,Chrysophyceae_Clade-C,Spumella,Spumella_vulgaris,Spumella_vulgaris
Ciliophora_80,Eukaryota,Alveolata,Ciliophora,Spirotrichea,Hypotrichia,Holostichidae,Holosticha,,Holosticha
Dictyochophyceae_22,Eukaryota,Stramenopiles,Ochrophyta,Dictyochophyceae,Dictyochophyceae_X,Pedinellales,,,Pedinellales
Dinoflagellata_1494,Eukaryota,Alveolata,Dinoflagellata,Dinophyceae,Gymnodiniales,Gymnodiniaceae,Amphidinium,Amphidinium_mootonorum,Amphidinium_mootonorum
Dinoflagellata_1524,Eukaryota,Alveolata,Dinoflagellata,Dinophyceae,Gymnodiniales,Gymnodiniaceae,Polykrikos,Polykrikos_schwartzii,Polykrikos_schwartzii
Dinoflagellata_1852,Eukaryota,Alveolata,Dinoflagellata,Dinophyceae,Peridiniales,Peridiniopsidaceae,Parvodinium,Parvodinium_umbonatum,Parvodinium_umbonatum
Phaeophyceae_141,Eukaryota,Stramenopiles,Ochrophyta,Phaeophyceae,Phaeophyceae_X,Phaeophyceae_XX,,,Phaeophyceae_XX
Pseudofungi_36,Eukaryota,Stramenopiles,Pseudofungi,MAST-1,MAST-1A,MAST-1A_X,MAST-1A_XX,MAST-1A_XX_sp.,MAST-1A_XX_sp.
Bacillariophyta_33,Eukaryota,Stramenopiles,Ochrophyta,Bacillariophyta,Bacillariophyta_X,Polar-centric-Mediophyceae,Thalassiosira,Thalassiosira_delicatula,Thalassiosira_delicatula
Cercozoa_13,Eukaryota,Rhizaria,Cercozoa,Filosa-Imbricatea,Filosa-Imbricatea_X,Novel-clade-2,Novel-clade-2_X,Novel-clade-2_X_sp.,Novel-clade-2_X_sp.
Cercozoa_225,Eukaryota,Rhizaria,Cercozoa,Endomyxa-Ascetosporea,Haplosporida,Haplosporidiidae,,,Haplosporidiidae
Cercozoa_312,Eukaryota,Rhizaria,Cercozoa,Filosa-Thecofilosea,Filosa-Thecofilosea_X,Mataza-lineage,Mataza-lineage_X,Mataza-lineage_X_sp.,Mataza-lineage_X_sp.
Cercozoa_356,Eukaryota,Rhizaria,Cercozoa,Filosa-Thecofilosea,Cryomonadida,Rhogostoma-lineage,Rhogostoma-lineage_X,Rhogostoma-lineage_X_sp.,Rhogostoma-lineage_X_sp.
Ciliophora_303,Eukaryota,Alveolata,Ciliophora,Spirotrichea,Tintinnida,Tintinnidae,Tintinnidae_X,Tintinnidae_X_sp.,Tintinnidae_X_sp.
Dinoflagellata_1056,Eukaryota,Alveolata,Dinoflagellata,Syndiniales,Dino-Group-II,Dino-Group-II-Clade-10-and-11,Dino-Group-II-Clade-10-and-11_X,Dino-Group-II-Clade-10-and-11_X_sp.,Dino-Group-II-Clade-10-and-11_X_sp.
Dinoflagellata_1093,Eukaryota,Alveolata,Dinoflagellata,Syndiniales,Dino-Group-II,Dino-Group-II-Clade-1,Dino-Group-II-Clade-1_X,Dino-Group-II-Clade-1_X_sp.,Dino-Group-II-Clade-1_X_sp.
Apicomplexa_109,Eukaryota,Alveolata,Apicomplexa,Coccidiomorphea,Agamococcidiorida,Margolisiellidae,Margolisiellidae_X,Margolisiellidae_X_sp.,Margolisiellidae_X_sp.
Ciliophora_1338,Eukaryota,Alveolata,Ciliophora,Phyllopharyngea,Cyrtophoria_1,PHYLL_4,PHYLL_4_X,PHYLL_4_X_sp.,PHYLL_4_X_sp.
Ciliophora_830,Eukaryota,Alveolata,Ciliophora,Oligohymenophorea,Peritrichia_2,Sessilida,Vorticella,Vorticella_convallaria,Vorticella_convallaria
Dinoflagellata_763,Eukaryota,Alveolata,Dinoflagellata,Dinophyceae,Peridiniales,Protoperidiniaceae,Protoperidinium,Protoperidinium_conicum,Protoperidinium_conicum
Opalozoa_11,Eukaryota,Stramenopiles,Opalozoa,MAST-12,MAST-12A,MAST-12A_X,MAST-12A_XX,MAST-12A_XX_sp.,MAST-12A_XX_sp.
Rhodophyta_1032,Eukaryota,Archaeplastida,Rhodophyta,Florideophyceae,Gracilariales,Gracilariales_X,Gracilaria,Gracilaria_millardetii,Gracilaria_millardetii
Apicomplexa_204,Eukaryota,Alveolata,Apicomplexa,Colpodellidea,Colpodellida,Colpodellaceae,Colpodella,Colpodella_sp.,Colpodella_sp.
Apicomplexa_205,Eukaryota,Alveolata,Apicomplexa,,,,,,Apicomplexa
Apicomplexa_61,Eukaryota,Alveolata,Apicomplexa,Coccidiomorphea,Haemosporida,Plasmodiidae,,,Plasmodiidae
Ciliophora_1130,Eukaryota,Alveolata,Ciliophora,Oligohymenophorea,Hymenostomatia,,,,Hymenostomatia
Ciliophora_935,Eukaryota,Alveolata,Ciliophora,Oligohymenophorea,Apostomatia,,,,Apostomatia
Dinoflagellata_1011,Eukaryota,Alveolata,Dinoflagellata,Syndiniales,Dino-Group-I,Dino-Group-I-Clade-1,Dino-Group-I-Clade-1_X,Dino-Group-I-Clade-1_X_sp.,Dino-Group-I-Clade-1_X_sp.
Dinoflagellata_1873,Eukaryota,Alveolata,Dinoflagellata,Dinophyceae,Peridiniales,Kryptoperidiniaceae,Durinskia,Durinskia_sp.,Durinskia_sp.
Dinoflagellata_766,Eukaryota,Alveolata,Dinoflagellata,Dinophyceae,Peridiniales,Protoperidiniaceae,Protoperidinium,Protoperidinium_punctulatum,Protoperidinium_punctulatum
Opalozoa_23,Eukaryota,Stramenopiles,Opalozoa,Bicoecea,Pseudodendromonadales,Pseudodendromonadales_X,Nerada,Nerada_mexicana,Nerada_mexicana
Apicomplexa_55,Eukaryota,Alveolata,Apicomplexa,Coccidiomorphea,Haemosporida,Plasmodiidae,Hepatocystis,Hepatocystis_sp.,Hepatocystis_sp.
Bacillariophyta_224,Eukaryota,Stramenopiles,Ochrophyta,Bacillariophyta,Bacillariophyta_X,Raphid-pennate,Nitzschia,Nitzschia_thermalis,Nitzschia_thermalis
Cercozoa_272,Eukaryota,Rhizaria,Cercozoa,Filosa-Granofilosea,Limnofilida,Limnofilidae,Limnofilidae_X,Limnofilidae_X_sp.,Limnofilidae_X_sp.
Cercozoa_419,Eukaryota,Rhizaria,Cercozoa,,,,,,Cercozoa
Cercozoa_66,Eukaryota,Rhizaria,Cercozoa,Filosa-Imbricatea,Euglyphida,Paulinellidae,Paulinella,Paulinella_sp.,Paulinella_sp.
Dinoflagellata_1339,Eukaryota,Alveolata,Dinoflagellata,Dinophyceae,Suessiales,Suessiaceae,Polarella,Polarella_glacialis,Polarella_glacialis
Dinoflagellata_1854,Eukaryota,Alveolata,Dinoflagellata,Dinophyceae,Peridiniales,Peridiniopsidaceae,Parvodinium,Parvodinium_inconspicuum,Parvodinium_inconspicuum
Lobosa_15,Eukaryota,Amoebozoa,Lobosa,Tubulinea,Euamoebida,LOS7N/I-lineage,LOS7N/I-lineage_X,LOS7N/I-lineage_X_sp.,LOS7N/I-lineage_X_sp.
Pseudofungi_54,Eukaryota,Stramenopiles,Pseudofungi,,,,,,Pseudofungi
Bacillariophyta_160,Eukaryota,Stramenopiles,Ochrophyta,Bacillariophyta,Bacillariophyta_X,Polar-centric-Mediophyceae,,,Polar-centric-Mediophyceae
Bacillariophyta_395,Eukaryota,Stramenopiles,Ochrophyta,Bacillariophyta,Bacillariophyta_X,Araphid-pennate,Asterionella,Asterionella_glacialis,Asterionella_glacialis
Cryptophyta_77,Eukaryota,Hacrobia,Cryptophyta,Cryptophyceae,Goniomonadales,Goniomonadales_X,Goniomonas,,Goniomonas
Chlorophyta__Streptophyta_196,Eukaryota,Archaeplastida,Streptophyta,Embryophyceae,Embryophyceae_X,Embryophyceae_XX,Glycine,Glycine_max,Glycine_max
Chlorophyta__Streptophyta_247,Eukaryota,Archaeplastida,Streptophyta,Embryophyceae,Embryophyceae_X,Embryophyceae_XX,Citrus,Citrus_trifoliata,Citrus_trifoliata
Bacillariophyta_1,Eukaryota,Stramenopiles,Ochrophyta,Bacillariophyta,Bacillariophyta_X,Araphid-pennate,Talaroneis,Talaroneis_posidoniae,Talaroneis_posidoniae
Bacillariophyta_186,Eukaryota,Stramenopiles,Ochrophyta,Bacillariophyta,Bacillariophyta_X,Raphid-pennate,Raphid-pennate_X,Raphid-pennate_X_sp.,Raphid-pennate_X_sp.
Chrysophyceae_14,Eukaryota,Stramenopiles,Ochrophyta,Chrysophyceae,Chrysophyceae_X,Chrysophyceae_Clade-F,,,Chrysophyceae_Clade-F
Chrysophyceae_74,Eukaryota,Stramenopiles,Ochrophyta,Chrysophyceae,Chrysophyceae_X,Chrysophyceae_Clade-D,Hydrurus,Hydrurus_foetidus,Hydrurus_foetidus
Ciliophora_1318,Eukaryota,Alveolata,Ciliophora,Phyllopharyngea,Cyrtophoria_4,Chilodonellidae,Pseudochilodonopsis,Pseudochilodonopsis_fluviatilis,Pseudochilodonopsis_fluviatilis
Dinoflagellata_1137,Eukaryota,Alveolata,Dinoflagellata,Dinophyceae,Gymnodiniales,Kareniaceae,Karenia,Karenia_brevis,Karenia_brevis
Apicomplexa_59,Eukaryota,Alveolata,Apicomplexa,Coccidiomorphea,Haemosporida,Plasmodiidae,Hepatocystis,Hepatocystis_sp.,Hepatocystis_sp.
Chlorophyta__Streptophyta_846,Eukaryota,Archaeplastida,Chlorophyta,Mamiellophyceae,Mamiellales,Bathycoccaceae,Bathycoccus,Bathycoccus_prasinos,Bathycoccus_prasinos
Dinoflagellata_1010,Eukaryota,Alveolata,Dinoflagellata,Syndiniales,Dino-Group-I,Dino-Group-I-Clade-1,Dino-Group-I-Clade-1_X,Dino-Group-I-Clade-1_X_sp.,Dino-Group-I-Clade-1_X_sp.
Dinoflagellata_946,Eukaryota,Alveolata,Dinoflagellata,Syndiniales,Dino-Group-I,Dino-Group-I-Clade-5,Dino-Group-I-Clade-5_X,Dino-Group-I-Clade-5_X_sp.,Dino-Group-I-Clade-5_X_sp.
Metamonada_20,Eukaryota,Excavata,Metamonada,Preaxostyla,Oxymonadida,Pyrsonymphidae,,,Pyrsonymphidae
Opalozoa_19,Eukaryota,Stramenopiles,Opalozoa,Bicoecea,Bicoecea_X,Bicoecea_XX,Bicoecea_XXX,Bicoecea_XXX_sp.,Bicoecea_XXX_sp.
Phaeophyceae_74,Eukaryota,Stramenopiles,Ochrophyta,Phaeophyceae,Phaeophyceae_X,Phaeophyceae_XX,Acrothrix,Acrothrix_sp.,Acrothrix_sp.
Radiolaria_19,Eukaryota,Rhizaria,Radiolaria,RAD-B,RAD-B_X,RAD-B-Group-I,RAD-B-Group-I_X,RAD-B-Group-I_X_sp.,RAD-B-Group-I_X_sp.
Sagenista_111,Eukaryota,Stramenopiles,Sagenista,Labyrinthulomycetes,Thraustochytriales,Thraustochytriaceae,Thraustochytriaceae_X,Thraustochytriaceae_X_sp.,Thraustochytriaceae_X_sp.
Apicomplexa_212,Eukaryota,Alveolata,Apicomplexa,Gregarinomorphea,Gregarines_GRE1,Gregarines_GRE1_X,Gregarines_GRE1_XX,Gregarines_GRE1_XX_sp.,Gregarines_GRE1_XX_sp.
Bolidophyceae_5,Eukaryota,Stramenopiles,Ochrophyta,Bolidophyceae,Parmales,Parmales_env_2,Parmales_env_2_X,Parmales_env_2_X_sp.,Parmales_env_2_X_sp.
Chlorophyta__Streptophyta_293,Eukaryota,Archaeplastida,Streptophyta,Embryophyceae,Embryophyceae_X,Embryophyceae_XX,Oryza,Oryza_sativa,Oryza_sativa
Dinoflagellata_1717,Eukaryota,Alveolata,Dinoflagellata,Dinophyceae,Gymnodiniales,Gymnodiniaceae,Gyrodinium,Gyrodinium_rubrum,Gyrodinium_rubrum
Dinoflagellata_1757,Eukaryota,Alveolata,Dinoflagellata,,,,,,Dinoflagellata
Dinoflagellata_1845,Eukaryota,Alveolata,Dinoflagellata,Dinophyceae,Peridiniales,Peridiniales_X,Gloeodinium,Gloeodinium_viscum,Gloeodinium_viscum
Cryptophyta_116,Eukaryota,Hacrobia,Cryptophyta,Cryptophyceae,Cryptomonadales,Cryptomonadales_X,Geminigera,Geminigera_cryophila,Geminigera_cryophila
Cercozoa_219,Eukaryota,Rhizaria,Cercozoa,Endomyxa-Ascetosporea,Haplosporida,Haplosporidiidae,Haplosporidium,,Haplosporidium
Cercozoa_383,Eukaryota,Rhizaria,Cercozoa,Phaeodarea,Phaeocystida,Aulacanthidae,Aulacantha,Aulacantha_scolymantha,Aulacantha_scolymantha
Chlorophyta__Streptophyta_1045,Eukaryota,Archaeplastida,Chlorophyta,Ulvophyceae,Ulotrichales,Ulotrichales_X,Capsosiphon,Capsosiphon_groenlandicus,Capsosiphon_groenlandicus
Dinoflagellata_1031,Eukaryota,Alveolata,Dinoflagellata,Syndiniales,Dino-Group-II,Dino-Group-II-Clade-6,Dino-Group-II-Clade-6_X,Dino-Group-II-Clade-6_X_sp.,Dino-Group-II-Clade-6_X_sp.
Dinoflagellata_1082,Eukaryota,Alveolata,Dinoflagellata,Syndiniales,Dino-Group-II,Dino-Group-II-Clade-33,Dino-Group-II-Clade-33_X,Dino-Group-II-Clade-33_X_sp.,Dino-Group-II-Clade-33_X_sp.
Dinoflagellata_8,Eukaryota,Alveolata,Dinoflagellata,Dinophyceae,Peridiniales,Thoracosphaeraceae,Paulsenella,Paulsenella_vonstoschii,Paulsenella_vonstoschii
Dinoflagellata_998,Eukaryota,Alveolata,Dinoflagellata,Syndiniales,Dino-Group-I,,,,Dino-Group-I
Phaeophyceae_142,Eukaryota,Stramenopiles,Ochrophyta,Phaeophyceae,Phaeophyceae_X,Phaeophyceae_XX,Sphacelaria,Sphacelaria_sp.,Sphacelaria_sp.
Pseudofungi_104,Eukaryota,Stramenopiles,Pseudofungi,Oomycota,Oomycota_X,Haliphthorales,Haliphthoros,Haliphthoros_sp.,Haliphthoros_sp.
Radiolaria_98,Eukaryota,Rhizaria,Radiolaria,Acantharea,Chaunacanthida,Chaunacanthida_X,Chaunacanthid,Chaunacanthid_217,Chaunacanthid_217
Rhodophyta_21,Eukaryota,Archaeplastida,Rhodophyta,Florideophyceae,Ceramiales,Delesseriaceae,Grinnellia,Grinnellia_americana,Grinnellia_americana
Rhodophyta_278,Eukaryota,Archaeplastida,Rhodophyta,Florideophyceae,Gigartinales,Gigartinales_X,Ptilonia,Ptilonia_australasica,Ptilonia_australasica
Bolidophyceae_7,Eukaryota,Stramenopiles,Ochrophyta,Bolidophyceae,Parmales,Parmales_X,Parmales_XX,Parmales_XX_sp.,Parmales_XX_sp.
Cercozoa_259,Eukaryota,Rhizaria,Cercozoa,Chlorarachniophyceae,Chlorarachnida,Chlorarachnida_X,Chlorarachnion,Chlorarachnion_reptans,Chlorarachnion_reptans
Cercozoa_338,Eukaryota,Rhizaria,Cercozoa,Filosa-Thecofilosea,Cryomonadida,Protaspa-lineage,Protaspa-lineage_X,Protaspa-lineage_X_sp.,Protaspa-lineage_X_sp.
Cercozoa_425,Eukaryota,Rhizaria,Cercozoa,Filosa-Imbricatea,Thaumatomonadida,Thaumatomonadidae,Allas,Allas_diplophysa,Allas_diplophysa
Ciliophora_986,Eukaryota,Alveolata,Ciliophora,Oligohymenophorea,Scuticociliatia_1,Philasterida,Philasterida_X,Philasterida_X_sp.,Philasterida_X_sp.
Cryptophyta_115,Eukaryota,Hacrobia,Cryptophyta,Cryptophyceae,Cryptomonadales,Cryptomonadales_X,Geminigera,Geminigera_cryophila,Geminigera_cryophila
Dinoflagellata_1036,Eukaryota,Alveolata,Dinoflagellata,Syndiniales,Dino-Group-II,Dino-Group-II-Clade-40,Dino-Group-II-Clade-40_X,Dino-Group-II-Clade-40_X_sp.,Dino-Group-II-Clade-40_X_sp.
Dinoflagellata_1399,Eukaryota,Alveolata,Dinoflagellata,Dinophyceae,Dinophysiales,Dinophysiaceae,Sinophysis,,Sinophysis
Dinoflagellata_1483,Eukaryota,Alveolata,Dinoflagellata,Dinophyceae,Gymnodiniales,Gymnodiniaceae,Bispinodinium,Bispinodinium_angelaceum,Bispinodinium_angelaceum
Dinoflagellata_822,Eukaryota,Alveolata,Dinoflagellata,Dinophyceae,Prorocentrales,Prorocentraceae,Prorocentrum,Prorocentrum_cordatum,Prorocentrum_cordatum
Discoba_6,Eukaryota,Excavata,Discoba,Heterolobosea,Heterolobosea_X,Heterolobosea_XX,Heteramoeba,Heteramoeba_clara,Heteramoeba_clara
Bacillariophyta_62,Eukaryota,Stramenopiles,Ochrophyta,Bacillariophyta,Bacillariophyta_X,Polar-centric-Mediophyceae,,,Polar-centric-Mediophyceae
Dinoflagellata_1039,Eukaryota,Alveolata,Dinoflagellata,Syndiniales,Dino-Group-II,Dino-Group-II-Clade-9,Dino-Group-II-Clade-9_X,Dino-Group-II-Clade-9_X_sp.,Dino-Group-II-Clade-9_X_sp.
Chlorophyta__Streptophyta_377,Eukaryota,Archaeplastida,Streptophyta,Embryophyceae,Embryophyceae_X,Embryophyceae_XX,Selaginella,Selaginella_vogelii,Selaginella_vogelii
Ciliophora_1278,Eukaryota,Alveolata,Ciliophora,Colpodea,Colpodea_X,,,,Colpodea_X
Dinoflagellata_1910,Eukaryota,Alveolata,Dinoflagellata,Dinophyceae,Gonyaulacales,Thecadiniaceae,Thecadinium,Thecadinium_yashimaense,Thecadinium_yashimaense
Bacillariophyta_249,Eukaryota,Stramenopiles,Ochrophyta,Bacillariophyta,Bacillariophyta_X,Raphid-pennate,Encyonema,Encyonema_caespitosum,Encyonema_caespitosum
Bacillariophyta_325,Eukaryota,Stramenopiles,Ochrophyta,Bacillariophyta,Bacillariophyta_X,Araphid-pennate,Thalassionema,Thalassionema_sp.,Thalassionema_sp.
Cercozoa_348,Eukaryota,Rhizaria,Cercozoa,Filosa-Thecofilosea,Cryomonadida,Rhogostoma-lineage,Rhogostoma,Rhogostoma_sp.,Rhogostoma_sp.
Cercozoa_7,Eukaryota,Rhizaria,Cercozoa,Filosa-Imbricatea,Thaumatomonadida,Peregriniidae,Peregrinia,Peregrinia_clavideferens,Peregrinia_clavideferens
Chlorophyta__Streptophyta_105,Eukaryota,Archaeplastida,Chlorophyta,Nephroselmidophyceae,Nephroselmidales,Nephroselmidales_X,Nephroselmis,Nephroselmis_pyriformis,Nephroselmis_pyriformis
Chlorophyta__Streptophyta_781,Eukaryota,Archaeplastida,Chlorophyta,Mamiellophyceae,Mamiellales,Mamiellaceae,Mamiella,Mamiella_gilva,Mamiella_gilva
Ciliophora_330,Eukaryota,Alveolata,Ciliophora,Spirotrichea,Choreotrichida,Strobilidiidae_I,Strobilidiidae_I_X,Strobilidiidae_I_X_sp.,Strobilidiidae_I_X_sp.
Ciliophora_670,Eukaryota,Alveolata,Ciliophora,CONThreeP,CONThreeP_X,CONThreeP_XX,Askenasia,Askenasia_sp.,Askenasia_sp.
Conosa_101,Eukaryota,Amoebozoa,Conosa,Variosea,Variosea_X,Filamoebidae,Filamoeba,,Filamoeba
Dinoflagellata_1092,Eukaryota,Alveolata,Dinoflagellata,Syndiniales,Dino-Group-II,Dino-Group-II-Clade-1,Dino-Group-II-Clade-1_X,Dino-Group-II-Clade-1_X_sp.,Dino-Group-II-Clade-1_X_sp.
Dinoflagellata_1491,Eukaryota,Alveolata,Dinoflagellata,Dinophyceae,Gymnodiniales,Gymnodiniaceae,Testudodinium,,Testudodinium
Dinoflagellata_1751,Eukaryota,Alveolata,Dinoflagellata,Syndiniales,Dino-Group-III,Dino-Group-III_X,Dino-Group-III_XX,Dino-Group-III_XX_sp.,Dino-Group-III_XX_sp.
Discoba_31,Eukaryota,Excavata,Discoba,Euglenozoa,,,,,Euglenozoa
Haptophyta_169,Eukaryota,Hacrobia,Haptophyta,Prymnesiophyceae,Prymnesiales,Chrysochromulinaceae,Chrysochromulina,,Chrysochromulina
Haptophyta_215,Eukaryota,Hacrobia,Haptophyta,Prymnesiophyceae,,,,,Prymnesiophyceae
Pelagophyceae_19,Eukaryota,Stramenopiles,Ochrophyta,Pelagophyceae,,,,,Pelagophyceae
Perkinsea_30,Eukaryota,Alveolata,Perkinsea,Perkinsida,Perkinsida_X,Perkinsida_XX,Perkinsida_XXX,Perkinsida_XXX_sp.,Perkinsida_XXX_sp.
Bacillariophyta_221,Eukaryota,Stramenopiles,Ochrophyta,Bacillariophyta,Bacillariophyta_X,Raphid-pennate,,,Raphid-pennate
Bacillariophyta_287,Eukaryota,Stramenopiles,Ochrophyta,Bacillariophyta,Bacillariophyta_X,Raphid-pennate,Nitzschia,Nitzschia_apiculata,Nitzschia_apiculata
Bacillariophyta_323,Eukaryota,Stramenopiles,Ochrophyta,Bacillariophyta,Bacillariophyta_X,Araphid-pennate,Thalassionema,Thalassionema_frauenfeldii,Thalassionema_frauenfeldii
Cercozoa_279,Eukaryota,Rhizaria,Cercozoa,Filosa-Granofilosea,Limnofilida,Limnofilidae,,,Limnofilidae
Cercozoa_10,Eukaryota,Rhizaria,Cercozoa,Filosa-Imbricatea,Filosa-Imbricatea_X,Novel-clade-2,Novel-clade-2_X,Novel-clade-2_X_sp.,Novel-clade-2_X_sp.
Ciliophora_929,Eukaryota,Alveolata,Ciliophora,Oligohymenophorea,Apostomatia,Foettingeriidae,Hyalophysa,Hyalophysa_lwoffi,Hyalophysa_lwoffi
Ciliophora_932,Eukaryota,Alveolata,Ciliophora,Oligohymenophorea,Apostomatia,Apostomatia_X,Apostomatia_XX,Apostomatia_XX_sp.,Apostomatia_XX_sp.
Dinoflagellata_1068,Eukaryota,Alveolata,Dinoflagellata,Syndiniales,Dino-Group-II,Dino-Group-II-Clade-8,Dino-Group-II-Clade-8_X,Dino-Group-II-Clade-8_X_sp.,Dino-Group-II-Clade-8_X_sp.
Dinoflagellata_1094,Eukaryota,Alveolata,Dinoflagellata,Syndiniales,Dino-Group-II,Dino-Group-II-Clade-1,Dino-Group-II-Clade-1_X,Dino-Group-II-Clade-1_X_sp.,Dino-Group-II-Clade-1_X_sp.
Dinoflagellata_851,Eukaryota,Alveolata,Dinoflagellata,Dinophyceae,Prorocentrales,Prorocentraceae,Prorocentrum,Prorocentrum_fukuyoi,Prorocentrum_fukuyoi
Discoba_9,Eukaryota,Excavata,Discoba,Heterolobosea,Heterolobosea_X,Vahlkampfiidae,Vahlkampfia,,Vahlkampfia
Radiolaria_20,Eukaryota,Rhizaria,Radiolaria,RAD-B,RAD-B_X,RAD-B-Group-I,RAD-B-Group-I_X,RAD-B-Group-I_X_sp.,RAD-B-Group-I_X_sp.
Chrysophyceae_63,Eukaryota,Stramenopiles,Ochrophyta,Chrysophyceae,Chrysophyceae_X,Chrysophyceae_Clade-H,Chrysophyceae_Clade-H_X,Chrysophyceae_Clade-H_X_sp.,Chrysophyceae_Clade-H_X_sp.
Chlorophyta__Streptophyta_1046,Eukaryota,Archaeplastida,Chlorophyta,Ulvophyceae,Ulotrichales,Ulotrichales_X,Urospora,Urospora_penicilliformis,Urospora_penicilliformis
Chlorophyta__Streptophyta_367,Eukaryota,Archaeplastida,Streptophyta,Embryophyceae,Embryophyceae_X,Embryophyceae_XX,Cycas,Cycas_taitungensis,Cycas_taitungensis
Ciliophora_672,Eukaryota,Alveolata,Ciliophora,CONThreeP,CONThreeP_X,CONThreeP_XX,Askenasia,Askenasia_sp.,Askenasia_sp.
Dinoflagellata_889,Eukaryota,Alveolata,Dinoflagellata,Dinophyceae,Gymnodiniales,Gymnodiniaceae,Akashiwo,Akashiwo_sanguinea,Akashiwo_sanguinea
Bacillariophyta_58,Eukaryota,Stramenopiles,Ochrophyta,Bacillariophyta,Bacillariophyta_X,Polar-centric-Mediophyceae,Stephanodiscus,Stephanodiscus_niagarae,Stephanodiscus_niagarae
Bacillariophyta_31,Eukaryota,Stramenopiles,Ochrophyta,Bacillariophyta,Bacillariophyta_X,Polar-centric-Mediophyceae,Minidiscus,Minidiscus_trioculatus,Minidiscus_trioculatus
Conosa_19,Eukaryota,Amoebozoa,Conosa,Mycetozoa-Dictyostelea,Dictyosteliida,Dictyosteliida-Group-IV,Dictyostelium-Group-IV,Dictyostelium_capitatum,Dictyostelium_capitatum
Apicomplexa_86,Eukaryota,Alveolata,Apicomplexa,Coccidiomorphea,Eimeriida,Corallicollids,Corallicollids_X,Corallicollids_X_sp.,Corallicollids_X_sp.
Bacillariophyta_154,Eukaryota,Stramenopiles,Ochrophyta,Bacillariophyta,Bacillariophyta_X,Polar-centric-Mediophyceae,,,Polar-centric-Mediophyceae
Bacillariophyta_355,Eukaryota,Stramenopiles,Ochrophyta,Bacillariophyta,Bacillariophyta_X,Araphid-pennate,,,Araphid-pennate
Bacillariophyta_93,Eukaryota,Stramenopiles,Ochrophyta,Bacillariophyta,Bacillariophyta_X,Polar-centric-Mediophyceae,Lithodesmium,Lithodesmium_undulatum,Lithodesmium_undulatum
Cercozoa_36,Eukaryota,Rhizaria,Cercozoa,Filosa-Imbricatea,Euglyphida,Euglyphidae,Euglypha,Euglypha_tuberculata,Euglypha_tuberculata
Chlorophyta__Streptophyta_1064,Eukaryota,Archaeplastida,Chlorophyta,Ulvophyceae,Ulotrichales,Ulotrichales_X,Pseudendoclonium,Pseudendoclonium_submarinum,Pseudendoclonium_submarinum
Ciliophora_255,Eukaryota,Alveolata,Ciliophora,Spirotrichea,Tintinnida,Rhabdonellidae,Metacylis,Metacylis_angulata,Metacylis_angulata
Dinoflagellata_1927,Eukaryota,Alveolata,Dinoflagellata,Dinophyceae,Peridiniales,Amphidiniopsidaceae,Herdmania,Herdmania_litoralis,Herdmania_litoralis
Eustigmatophyceae_0,Eukaryota,Stramenopiles,Ochrophyta,Eustigmatophyceae,Eustigmatophyceae_X,Eustigmatophyceae_XX,Pseudocharaciopsis,Pseudocharaciopsis_minuta,Pseudocharaciopsis_minuta
Opalozoa_67,Eukaryota,Stramenopiles,Opalozoa,MAST-3,,,,,MAST-3
Opalozoa_82,Eukaryota,Stramenopiles,Opalozoa,Opalinata,Opalinata_X,Blastocystis-Group,Blastocystis,Blastocystis_sp.,Blastocystis_sp.
Phaeophyceae_63,Eukaryota,Stramenopiles,Ochrophyta,Phaeophyceae,Phaeophyceae_X,Phaeophyceae_XX,,,Phaeophyceae_XX
Bacillariophyta_5,Eukaryota,Stramenopiles,Ochrophyta,Bacillariophyta,Bacillariophyta_X,Polar-centric-Mediophyceae,Bellerochea,Bellerochea_malleus,Bellerochea_malleus
Bacillariophyta_56,Eukaryota,Stramenopiles,Ochrophyta,Bacillariophyta,Bacillariophyta_X,Polar-centric-Mediophyceae,Skeletonema,,Skeletonema
Cercozoa_303,Eukaryota,Rhizaria,Cercozoa,Filosa-Granofilosea,,,,,Filosa-Granofilosea
Dinoflagellata_1026,Eukaryota,Alveolata,Dinoflagellata,Syndiniales,Dino-Group-IV,Dino-Group-IV-Hematodinium-Group,Hematodinium,Hematodinium_perezi,Hematodinium_perezi
Lobosa_18,Eukaryota,Amoebozoa,Lobosa,Tubulinea,Echinamoebida,Echinamoebidae,Echinamoeba,Echinamoeba_exundans,Echinamoeba_exundans
Pelagophyceae_15,Eukaryota,Stramenopiles,Ochrophyta,Pelagophyceae,Pelagomonadales,Pelagomonadaceae,,,Pelagomonadaceae
Cercozoa_60,Eukaryota,Rhizaria,Cercozoa,Filosa-Imbricatea,Euglyphida,Euglyphidae,Tracheleuglypha,Tracheleuglypha_dentata,Tracheleuglypha_dentata
Ciliophora_1335,Eukaryota,Alveolata,Ciliophora,Phyllopharyngea,Cyrtophoria_1,PHYLL_4,PHYLL_4_X,PHYLL_4_X_sp.,PHYLL_4_X_sp.
Cercozoa_375,Eukaryota,Rhizaria,Cercozoa,Phaeodarea,Phaeoconchida,Conchariidae,Conchellium,Conchellium_capsula,Conchellium_capsula
Ciliophora_1294,Eukaryota,Alveolata,Ciliophora,Phyllopharyngea,Cyrtophoria_7,Hartmannulidae,Heterohartmannula,Heterohartmannula_fangi,Heterohartmannula_fangi
Metamonada_14,Eukaryota,Excavata,Metamonada,Preaxostyla,Oxymonadida,Pyrsonymphidae,Pyrsonympha,Pyrsonympha_sp.,Pyrsonympha_sp.
Ciliophora_810,Eukaryota,Alveolata,Ciliophora,Oligohymenophorea,Peniculia,Frontoniidae_1,Frontonia_1,Frontonia_subtropica,Frontonia_subtropica
Pelagophyceae_2,Eukaryota,Stramenopiles,Ochrophyta,Pelagophyceae,Pelagomonadales,Pelagomonadaceae,Pelagomonas,Pelagomonas_calceolata,Pelagomonas_calceolata
Rhodophyta_192,Eukaryota,Archaeplastida,Rhodophyta,Florideophyceae,Ceramiales,Callithamniaceae,Aglaothamnion,Aglaothamnion_feldmanniae,Aglaothamnion_feldmanniae
Sagenista_73,Eukaryota,Stramenopiles,Sagenista,Labyrinthulomycetes,Labyrinthulales,Labyrinthulaceae,Labyrinthulaceae_X,Labyrinthulaceae_X_sp.,Labyrinthulaceae_X_sp.
Telonemia_36,Eukaryota,Hacrobia,Telonemia,Telonemia_X,Telonemia_XX,,,,Telonemia_XX
